Master 2020 - Philosophie Moderne,Groupe d'étudiants en Philosophie Moderne pour l'année 2020
Spécialité 2025 - Architecture Urbaine,Groupe d'étudiants en Architecture Urbaine pour l'année 2025
Master 2023 - Ressources Humaines,Groupe d'étudiants en Ressources Humaines pour l'année 2023
Groupe 2023 - Psychologie Clinique,Groupe d'étudiants en Psychologie Clinique pour l'année 2023
Section 2023 - Architecture Urbaine,Groupe d'étudiants en Architecture Urbaine pour l'année 2023
Groupe 2025 - Droit International,Groupe d'étudiants en Droit International pour l'année 2025
Filière 2022 - Droit International,Groupe d'étudiants en Droit International pour l'année 2022
Section 2022 - Chimie Organique,Groupe d'étudiants en Chimie Organique pour l'année 2022
Classe 2025 - Physique Fondamentale,Groupe d'étudiants en Physique Fondamentale pour l'année 2025
Section 2026 - Biologie Moléculaire,Groupe d'étudiants en Biologie Moléculaire pour l'année 2026
Spécialité 2022 - Tourisme,Groupe d'étudiants en Tourisme pour l'année 2022
Section 2024 - Langues Étrangères,Groupe d'étudiants en Langues Étrangères pour l'année 2024
Master 2024 - Géographie Humaine,Groupe d'étudiants en Géographie Humaine pour l'année 2024
Licence 2026 - Ingénierie Mécanique,Groupe d'étudiants en Ingénierie Mécanique pour l'année 2026
Licence 2021 - Arts Plastiques,Groupe d'étudiants en Arts Plastiques pour l'année 2021
Promo 2024 - Génie Civil,Groupe d'étudiants en Génie Civil pour l'année 2024
Promo 2023 - Arts Plastiques,Groupe d'étudiants en Arts Plastiques pour l'année 2023
Option 2023 - Génie Civil,Groupe d'étudiants en Génie Civil pour l'année 2023
Master 2022 - Ressources Humaines,Groupe d'étudiants en Ressources Humaines pour l'année 2022
Licence 2022 - Ingénierie Mécanique,Groupe d'étudiants en Ingénierie Mécanique pour l'année 2022
Classe 2021 - Tourisme,Groupe d'étudiants en Tourisme pour l'année 2021
Promo 2026 - Musique Classique,Groupe d'étudiants en Musique Classique pour l'année 2026
Classe 2026 - Géographie Humaine,Groupe d'étudiants en Géographie Humaine pour l'année 2026
Classe 2025 - Psychologie Clinique,Groupe d'étudiants en Psychologie Clinique pour l'année 2025
Classe 2021 - Ingénierie Mécanique,Groupe d'étudiants en Ingénierie Mécanique pour l'année 2021
Classe 2024 - Chimie Organique,Groupe d'étudiants en Chimie Organique pour l'année 2024
Groupe 2021 - Économie et Gestion,Groupe d'étudiants en Économie et Gestion pour l'année 2021
Option 2025 - Commerce International,Groupe d'étudiants en Commerce International pour l'année 2025
Option 2022 - Marketing,Groupe d'étudiants en Marketing pour l'année 2022
Option 2021 - Histoire Contemporaine,Groupe d'étudiants en Histoire Contemporaine pour l'année 2021
Filière 2024 - Architecture Urbaine,Groupe d'étudiants en Architecture Urbaine pour l'année 2024
Promo 2025 - Médecine Générale,Groupe d'étudiants en Médecine Générale pour l'année 2025
Spécialité 2024 - Biologie Moléculaire,Groupe d'étudiants en Biologie Moléculaire pour l'année 2024
Groupe 2026 - Littérature Française,Groupe d'étudiants en Littérature Française pour l'année 2026
Spécialité 2020 - Médecine Générale,Groupe d'étudiants en Médecine Générale pour l'année 2020
Filière 2020 - Chimie Organique,Groupe d'étudiants en Chimie Organique pour l'année 2020
Section 2021 - Physique Fondamentale,Groupe d'étudiants en Physique Fondamentale pour l'année 2021
Option 2024 - Droit International,Groupe d'étudiants en Droit International pour l'année 2024
Spécialité 2024 - Langues Étrangères,Groupe d'étudiants en Langues Étrangères pour l'année 2024
Licence 2021 - Histoire Contemporaine,Groupe d'étudiants en Histoire Contemporaine pour l'année 2021
Classe 2021 - Architecture Urbaine,Groupe d'étudiants en Architecture Urbaine pour l'année 2021
Section 2021 - Communication Digitale,Groupe d'étudiants en Communication Digitale pour l'année 2021
Option 2020 - Économie et Gestion,Groupe d'étudiants en Économie et Gestion pour l'année 2020
Master 2023 - Économie et Gestion,Groupe d'étudiants en Économie et Gestion pour l'année 2023
Promo 2025 - Chimie Organique,Groupe d'étudiants en Chimie Organique pour l'année 2025
Groupe 2026 - Chimie Organique,Groupe d'étudiants en Chimie Organique pour l'année 2026
Spécialité 2025 - Communication Digitale,Groupe d'étudiants en Communication Digitale pour l'année 2025
Classe 2024 - Géographie Humaine,Groupe d'étudiants en Géographie Humaine pour l'année 2024
Spécialité 2026 - Architecture Urbaine,Groupe d'étudiants en Architecture Urbaine pour l'année 2026
Classe 2022 - Communication Digitale,Groupe d'étudiants en Communication Digitale pour l'année 2022
Groupe 2022 - Chimie Organique,Groupe d'étudiants en Chimie Organique pour l'année 2022
Master 2021 - Tourisme,Groupe d'étudiants en Tourisme pour l'année 2021
Option 2020 - Communication Digitale,Groupe d'étudiants en Communication Digitale pour l'année 2020
Option 2020 - Finance,Groupe d'étudiants en Finance pour l'année 2020
Filière 2021 - Ressources Humaines,Groupe d'étudiants en Ressources Humaines pour l'année 2021
Spécialité 2020 - Histoire Contemporaine,Groupe d'étudiants en Histoire Contemporaine pour l'année 2020
Filière 2024 - Marketing,Groupe d'étudiants en Marketing pour l'année 2024
Groupe 2023 - Géographie Humaine,Groupe d'étudiants en Géographie Humaine pour l'année 2023
Licence 2025 - Environnement et Développement Durable,Groupe d'étudiants en Environnement et Développement Durable pour l'année 2025
Filière 2021 - Mathématiques Appliquées,Groupe d'étudiants en Mathématiques Appliquées pour l'année 2021
Section 2025 - Agronomie,Groupe d'étudiants en Agronomie pour l'année 2025
Master 2020 - Musique Classique,Groupe d'étudiants en Musique Classique pour l'année 2020
Section 2025 - Langues Étrangères,Groupe d'étudiants en Langues Étrangères pour l'année 2025
Option 2022 - Physique Fondamentale,Groupe d'étudiants en Physique Fondamentale pour l'année 2022
Spécialité 2024 - Tourisme,Groupe d'étudiants en Tourisme pour l'année 2024
Groupe 2022 - Agronomie,Groupe d'étudiants en Agronomie pour l'année 2022
Filière 2021 - Finance,Groupe d'étudiants en Finance pour l'année 2021
Promo 2023 - Arts Plastiques,Groupe d'étudiants en Arts Plastiques pour l'année 2023
Option 2022 - Économie et Gestion,Groupe d'étudiants en Économie et Gestion pour l'année 2022
Section 2026 - Finance,Groupe d'étudiants en Finance pour l'année 2026
Filière 2020 - Chimie Organique,Groupe d'étudiants en Chimie Organique pour l'année 2020
Promo 2020 - Environnement et Développement Durable,Groupe d'étudiants en Environnement et Développement Durable pour l'année 2020
Promo 2021 - Physique Fondamentale,Groupe d'étudiants en Physique Fondamentale pour l'année 2021
Groupe 2024 - Environnement et Développement Durable,Groupe d'étudiants en Environnement et Développement Durable pour l'année 2024
Licence 2020 - Biologie Moléculaire,Groupe d'étudiants en Biologie Moléculaire pour l'année 2020
Master 2023 - Géographie Humaine,Groupe d'étudiants en Géographie Humaine pour l'année 2023
Section 2024 - Biologie Moléculaire,Groupe d'étudiants en Biologie Moléculaire pour l'année 2024
Groupe 2025 - Langues Étrangères,Groupe d'étudiants en Langues Étrangères pour l'année 2025
Master 2023 - Musique Classique,Groupe d'étudiants en Musique Classique pour l'année 2023
Groupe 2026 - Géographie Humaine,Groupe d'étudiants en Géographie Humaine pour l'année 2026
Promo 2021 - Logistique,Groupe d'étudiants en Logistique pour l'année 2021
Classe 2025 - Finance,Groupe d'étudiants en Finance pour l'année 2025
Licence 2024 - Droit International,Groupe d'étudiants en Droit International pour l'année 2024
Section 2025 - Langues Étrangères,Groupe d'étudiants en Langues Étrangères pour l'année 2025
Classe 2021 - Économie et Gestion,Groupe d'étudiants en Économie et Gestion pour l'année 2021
Groupe 2023 - Architecture Urbaine,Groupe d'étudiants en Architecture Urbaine pour l'année 2023
Promo 2024 - Économie et Gestion,Groupe d'étudiants en Économie et Gestion pour l'année 2024
Option 2026 - Agronomie,Groupe d'étudiants en Agronomie pour l'année 2026
Filière 2021 - Physique Fondamentale,Groupe d'étudiants en Physique Fondamentale pour l'année 2021
Licence 2023 - Informatique,Groupe d'étudiants en Informatique pour l'année 2023
Promo 2023 - Langues Étrangères,Groupe d'étudiants en Langues Étrangères pour l'année 2023
Licence 2022 - Environnement et Développement Durable,Groupe d'étudiants en Environnement et Développement Durable pour l'année 2022
Spécialité 2020 - Géographie Humaine,Groupe d'étudiants en Géographie Humaine pour l'année 2020
Filière 2020 - Biologie Moléculaire,Groupe d'étudiants en Biologie Moléculaire pour l'année 2020
Groupe 2026 - Agronomie,Groupe d'étudiants en Agronomie pour l'année 2026
Master 2023 - Physique Fondamentale,Groupe d'étudiants en Physique Fondamentale pour l'année 2023
Promo 2024 - Musique Classique,Groupe d'étudiants en Musique Classique pour l'année 2024
Filière 2022 - Mathématiques Appliquées,Groupe d'étudiants en Mathématiques Appliquées pour l'année 2022
Option 2023 - Littérature Française,Groupe d'étudiants en Littérature Française pour l'année 2023
Groupe 2021 - Informatique,Groupe d'étudiants en Informatique pour l'année 2021
Promo 2024 - Environnement et Développement Durable,Groupe d'étudiants en Environnement et Développement Durable pour l'année 2024
Licence 2025 - Musique Classique,Groupe d'étudiants en Musique Classique pour l'année 2025
Option 2020 - Médecine Générale,Groupe d'étudiants en Médecine Générale pour l'année 2020
Master 2023 - Communication Digitale,Groupe d'étudiants en Communication Digitale pour l'année 2023
Option 2024 - Musique Classique,Groupe d'étudiants en Musique Classique pour l'année 2024
Licence 2023 - Géographie Humaine,Groupe d'étudiants en Géographie Humaine pour l'année 2023
Promo 2024 - Informatique,Groupe d'étudiants en Informatique pour l'année 2024
Groupe 2024 - Finance,Groupe d'étudiants en Finance pour l'année 2024
Classe 2023 - Géographie Humaine,Groupe d'étudiants en Géographie Humaine pour l'année 2023
Option 2024 - Physique Fondamentale,Groupe d'étudiants en Physique Fondamentale pour l'année 2024
Groupe 2021 - Biologie Moléculaire,Groupe d'étudiants en Biologie Moléculaire pour l'année 2021
Master 2021 - Informatique,Groupe d'étudiants en Informatique pour l'année 2021
Section 2024 - Ingénierie Mécanique,Groupe d'étudiants en Ingénierie Mécanique pour l'année 2024
Filière 2022 - Ressources Humaines,Groupe d'étudiants en Ressources Humaines pour l'année 2022
Filière 2020 - Tourisme,Groupe d'étudiants en Tourisme pour l'année 2020
Spécialité 2020 - Physique Fondamentale,Groupe d'étudiants en Physique Fondamentale pour l'année 2020
Option 2025 - Génie Civil,Groupe d'étudiants en Génie Civil pour l'année 2025
Filière 2021 - Littérature Française,Groupe d'étudiants en Littérature Française pour l'année 2021
Licence 2022 - Tourisme,Groupe d'étudiants en Tourisme pour l'année 2022
Groupe 2020 - Finance,Groupe d'étudiants en Finance pour l'année 2020
Filière 2023 - Ingénierie Mécanique,Groupe d'étudiants en Ingénierie Mécanique pour l'année 2023
Promo 2021 - Philosophie Moderne,Groupe d'étudiants en Philosophie Moderne pour l'année 2021
Option 2024 - Génie Civil,Groupe d'étudiants en Génie Civil pour l'année 2024
Filière 2020 - Tourisme,Groupe d'étudiants en Tourisme pour l'année 2020
Section 2022 - Géographie Humaine,Groupe d'étudiants en Géographie Humaine pour l'année 2022
Master 2020 - Musique Classique,Groupe d'étudiants en Musique Classique pour l'année 2020
Groupe 2025 - Ingénierie Mécanique,Groupe d'étudiants en Ingénierie Mécanique pour l'année 2025
Groupe 2026 - Commerce International,Groupe d'étudiants en Commerce International pour l'année 2026
Filière 2025 - Environnement et Développement Durable,Groupe d'étudiants en Environnement et Développement Durable pour l'année 2025
Option 2024 - Histoire Contemporaine,Groupe d'étudiants en Histoire Contemporaine pour l'année 2024
Option 2021 - Environnement et Développement Durable,Groupe d'étudiants en Environnement et Développement Durable pour l'année 2021
Licence 2020 - Philosophie Moderne,Groupe d'étudiants en Philosophie Moderne pour l'année 2020
Promo 2023 - Ingénierie Mécanique,Groupe d'étudiants en Ingénierie Mécanique pour l'année 2023
Master 2020 - Informatique,Groupe d'étudiants en Informatique pour l'année 2020
Promo 2022 - Philosophie Moderne,Groupe d'étudiants en Philosophie Moderne pour l'année 2022
Spécialité 2026 - Médecine Générale,Groupe d'étudiants en Médecine Générale pour l'année 2026
Groupe 2024 - Génie Civil,Groupe d'étudiants en Génie Civil pour l'année 2024
Option 2023 - Musique Classique,Groupe d'étudiants en Musique Classique pour l'année 2023
Spécialité 2022 - Commerce International,Groupe d'étudiants en Commerce International pour l'année 2022
Licence 2026 - Logistique,Groupe d'étudiants en Logistique pour l'année 2026
Licence 2025 - Agronomie,Groupe d'étudiants en Agronomie pour l'année 2025
Spécialité 2022 - Médecine Générale,Groupe d'étudiants en Médecine Générale pour l'année 2022
Classe 2026 - Ressources Humaines,Groupe d'étudiants en Ressources Humaines pour l'année 2026
Filière 2020 - Psychologie Clinique,Groupe d'étudiants en Psychologie Clinique pour l'année 2020
Groupe 2025 - Logistique,Groupe d'étudiants en Logistique pour l'année 2025
Spécialité 2021 - Génie Civil,Groupe d'étudiants en Génie Civil pour l'année 2021
Option 2020 - Économie et Gestion,Groupe d'étudiants en Économie et Gestion pour l'année 2020
Licence 2026 - Physique Fondamentale,Groupe d'étudiants en Physique Fondamentale pour l'année 2026
Classe 2025 - Géographie Humaine,Groupe d'étudiants en Géographie Humaine pour l'année 2025
Groupe 2026 - Histoire Contemporaine,Groupe d'étudiants en Histoire Contemporaine pour l'année 2026
Groupe 2022 - Mathématiques Appliquées,Groupe d'étudiants en Mathématiques Appliquées pour l'année 2022
Classe 2023 - Ressources Humaines,Groupe d'étudiants en Ressources Humaines pour l'année 2023
Spécialité 2023 - Biologie Moléculaire,Groupe d'étudiants en Biologie Moléculaire pour l'année 2023
Master 2025 - Psychologie Clinique,Groupe d'étudiants en Psychologie Clinique pour l'année 2025
Promo 2020 - Chimie Organique,Groupe d'étudiants en Chimie Organique pour l'année 2020
Groupe 2022 - Ingénierie Mécanique,Groupe d'étudiants en Ingénierie Mécanique pour l'année 2022
Licence 2026 - Arts Plastiques,Groupe d'étudiants en Arts Plastiques pour l'année 2026
Master 2024 - Biologie Moléculaire,Groupe d'étudiants en Biologie Moléculaire pour l'année 2024
Spécialité 2026 - Musique Classique,Groupe d'étudiants en Musique Classique pour l'année 2026
Spécialité 2021 - Informatique,Groupe d'étudiants en Informatique pour l'année 2021
Option 2020 - Psychologie Clinique,Groupe d'étudiants en Psychologie Clinique pour l'année 2020
Option 2026 - Marketing,Groupe d'étudiants en Marketing pour l'année 2026
Promo 2025 - Arts Plastiques,Groupe d'étudiants en Arts Plastiques pour l'année 2025
Promo 2020 - Informatique,Groupe d'étudiants en Informatique pour l'année 2020
Master 2025 - Langues Étrangères,Groupe d'étudiants en Langues Étrangères pour l'année 2025
Master 2025 - Droit International,Groupe d'étudiants en Droit International pour l'année 2025
Master 2026 - Biologie Moléculaire,Groupe d'étudiants en Biologie Moléculaire pour l'année 2026
Option 2026 - Génie Civil,Groupe d'étudiants en Génie Civil pour l'année 2026
Filière 2024 - Arts Plastiques,Groupe d'étudiants en Arts Plastiques pour l'année 2024
Filière 2022 - Physique Fondamentale,Groupe d'étudiants en Physique Fondamentale pour l'année 2022
Spécialité 2023 - Tourisme,Groupe d'étudiants en Tourisme pour l'année 2023
Classe 2025 - Commerce International,Groupe d'étudiants en Commerce International pour l'année 2025
Master 2025 - Médecine Générale,Groupe d'étudiants en Médecine Générale pour l'année 2025
Filière 2024 - Histoire Contemporaine,Groupe d'étudiants en Histoire Contemporaine pour l'année 2024
Promo 2021 - Logistique,Groupe d'étudiants en Logistique pour l'année 2021
Master 2026 - Génie Civil,Groupe d'étudiants en Génie Civil pour l'année 2026
Filière 2020 - Économie et Gestion,Groupe d'étudiants en Économie et Gestion pour l'année 2020
Licence 2021 - Géographie Humaine,Groupe d'étudiants en Géographie Humaine pour l'année 2021
Licence 2023 - Chimie Organique,Groupe d'étudiants en Chimie Organique pour l'année 2023
Master 2022 - Économie et Gestion,Groupe d'étudiants en Économie et Gestion pour l'année 2022
Classe 2022 - Ressources Humaines,Groupe d'étudiants en Ressources Humaines pour l'année 2022
Master 2021 - Droit International,Groupe d'étudiants en Droit International pour l'année 2021
Option 2025 - Biologie Moléculaire,Groupe d'étudiants en Biologie Moléculaire pour l'année 2025
Filière 2022 - Commerce International,Groupe d'étudiants en Commerce International pour l'année 2022
Option 2024 - Économie et Gestion,Groupe d'étudiants en Économie et Gestion pour l'année 2024
Spécialité 2021 - Génie Civil,Groupe d'étudiants en Génie Civil pour l'année 2021
Option 2020 - Génie Civil,Groupe d'étudiants en Génie Civil pour l'année 2020
Classe 2024 - Ingénierie Mécanique,Groupe d'étudiants en Ingénierie Mécanique pour l'année 2024
Option 2023 - Psychologie Clinique,Groupe d'étudiants en Psychologie Clinique pour l'année 2023
Option 2023 - Histoire Contemporaine,Groupe d'étudiants en Histoire Contemporaine pour l'année 2023
Filière 2026 - Génie Civil,Groupe d'étudiants en Génie Civil pour l'année 2026
Groupe 2025 - Langues Étrangères,Groupe d'étudiants en Langues Étrangères pour l'année 2025
Promo 2022 - Histoire Contemporaine,Groupe d'étudiants en Histoire Contemporaine pour l'année 2022
Option 2022 - Ingénierie Mécanique,Groupe d'étudiants en Ingénierie Mécanique pour l'année 2022
Promo 2022 - Physique Fondamentale,Groupe d'étudiants en Physique Fondamentale pour l'année 2022
Section 2022 - Histoire Contemporaine,Groupe d'étudiants en Histoire Contemporaine pour l'année 2022
Groupe 2026 - Psychologie Clinique,Groupe d'étudiants en Psychologie Clinique pour l'année 2026
Groupe 2021 - Médecine Générale,Groupe d'étudiants en Médecine Générale pour l'année 2021
Spécialité 2023 - Informatique,Groupe d'étudiants en Informatique pour l'année 2023
Licence 2020 - Ressources Humaines,Groupe d'étudiants en Ressources Humaines pour l'année 2020
Filière 2022 - Agronomie,Groupe d'étudiants en Agronomie pour l'année 2022
Option 2022 - Biologie Moléculaire,Groupe d'étudiants en Biologie Moléculaire pour l'année 2022
Filière 2025 - Littérature Française,Groupe d'étudiants en Littérature Française pour l'année 2025
Classe 2022 - Communication Digitale,Groupe d'étudiants en Communication Digitale pour l'année 2022
Filière 2022 - Mathématiques Appliquées,Groupe d'étudiants en Mathématiques Appliquées pour l'année 2022
Option 2026 - Logistique,Groupe d'étudiants en Logistique pour l'année 2026
Filière 2024 - Ressources Humaines,Groupe d'étudiants en Ressources Humaines pour l'année 2024
Spécialité 2026 - Physique Fondamentale,Groupe d'étudiants en Physique Fondamentale pour l'année 2026
Section 2022 - Chimie Organique,Groupe d'étudiants en Chimie Organique pour l'année 2022
Spécialité 2020 - Mathématiques Appliquées,Groupe d'étudiants en Mathématiques Appliquées pour l'année 2020
Classe 2021 - Chimie Organique,Groupe d'étudiants en Chimie Organique pour l'année 2021
Licence 2025 - Informatique,Groupe d'étudiants en Informatique pour l'année 2025
Option 2023 - Commerce International,Groupe d'étudiants en Commerce International pour l'année 2023
Master 2024 - Économie et Gestion,Groupe d'étudiants en Économie et Gestion pour l'année 2024
Licence 2021 - Philosophie Moderne,Groupe d'étudiants en Philosophie Moderne pour l'année 2021
Groupe 2021 - Économie et Gestion,Groupe d'étudiants en Économie et Gestion pour l'année 2021
Section 2024 - Chimie Organique,Groupe d'étudiants en Chimie Organique pour l'année 2024
Master 2022 - Musique Classique,Groupe d'étudiants en Musique Classique pour l'année 2022
Filière 2021 - Littérature Française,Groupe d'étudiants en Littérature Française pour l'année 2021
Promo 2024 - Communication Digitale,Groupe d'étudiants en Communication Digitale pour l'année 2024
Classe 2020 - Architecture Urbaine,Groupe d'étudiants en Architecture Urbaine pour l'année 2020
Option 2025 - Médecine Générale,Groupe d'étudiants en Médecine Générale pour l'année 2025
Licence 2023 - Économie et Gestion,Groupe d'étudiants en Économie et Gestion pour l'année 2023
Option 2022 - Psychologie Clinique,Groupe d'étudiants en Psychologie Clinique pour l'année 2022
Master 2025 - Tourisme,Groupe d'étudiants en Tourisme pour l'année 2025
Option 2023 - Chimie Organique,Groupe d'étudiants en Chimie Organique pour l'année 2023
Licence 2024 - Architecture Urbaine,Groupe d'étudiants en Architecture Urbaine pour l'année 2024
Classe 2020 - Finance,Groupe d'étudiants en Finance pour l'année 2020
Filière 2025 - Chimie Organique,Groupe d'étudiants en Chimie Organique pour l'année 2025
Promo 2023 - Architecture Urbaine,Groupe d'étudiants en Architecture Urbaine pour l'année 2023
Classe 2024 - Droit International,Groupe d'étudiants en Droit International pour l'année 2024
Spécialité 2020 - Finance,Groupe d'étudiants en Finance pour l'année 2020
Option 2020 - Musique Classique,Groupe d'étudiants en Musique Classique pour l'année 2020
Spécialité 2020 - Langues Étrangères,Groupe d'étudiants en Langues Étrangères pour l'année 2020
Filière 2026 - Droit International,Groupe d'étudiants en Droit International pour l'année 2026
Filière 2020 - Logistique,Groupe d'étudiants en Logistique pour l'année 2020
Spécialité 2023 - Géographie Humaine,Groupe d'étudiants en Géographie Humaine pour l'année 2023
Promo 2025 - Psychologie Clinique,Groupe d'étudiants en Psychologie Clinique pour l'année 2025
Promo 2023 - Informatique,Groupe d'étudiants en Informatique pour l'année 2023
Master 2024 - Logistique,Groupe d'étudiants en Logistique pour l'année 2024
Classe 2026 - Langues Étrangères,Groupe d'étudiants en Langues Étrangères pour l'année 2026
Classe 2023 - Psychologie Clinique,Groupe d'étudiants en Psychologie Clinique pour l'année 2023
Spécialité 2024 - Physique Fondamentale,Groupe d'étudiants en Physique Fondamentale pour l'année 2024
Filière 2025 - Psychologie Clinique,Groupe d'étudiants en Psychologie Clinique pour l'année 2025
Section 2026 - Architecture Urbaine,Groupe d'étudiants en Architecture Urbaine pour l'année 2026
Promo 2020 - Arts Plastiques,Groupe d'étudiants en Arts Plastiques pour l'année 2020
Spécialité 2022 - Chimie Organique,Groupe d'étudiants en Chimie Organique pour l'année 2022
Licence 2020 - Chimie Organique,Groupe d'étudiants en Chimie Organique pour l'année 2020
Classe 2020 - Psychologie Clinique,Groupe d'étudiants en Psychologie Clinique pour l'année 2020
Licence 2024 - Mathématiques Appliquées,Groupe d'étudiants en Mathématiques Appliquées pour l'année 2024
Master 2025 - Tourisme,Groupe d'étudiants en Tourisme pour l'année 2025
Option 2020 - Environnement et Développement Durable,Groupe d'étudiants en Environnement et Développement Durable pour l'année 2020
Groupe 2024 - Économie et Gestion,Groupe d'étudiants en Économie et Gestion pour l'année 2024
Spécialité 2021 - Tourisme,Groupe d'étudiants en Tourisme pour l'année 2021
Classe 2025 - Ressources Humaines,Groupe d'étudiants en Ressources Humaines pour l'année 2025
Section 2021 - Ingénierie Mécanique,Groupe d'étudiants en Ingénierie Mécanique pour l'année 2021
Option 2025 - Mathématiques Appliquées,Groupe d'étudiants en Mathématiques Appliquées pour l'année 2025
Classe 2022 - Droit International,Groupe d'étudiants en Droit International pour l'année 2022
Promo 2022 - Littérature Française,Groupe d'étudiants en Littérature Française pour l'année 2022
Groupe 2021 - Informatique,Groupe d'étudiants en Informatique pour l'année 2021
Master 2026 - Droit International,Groupe d'étudiants en Droit International pour l'année 2026
Classe 2026 - Ressources Humaines,Groupe d'étudiants en Ressources Humaines pour l'année 2026
Master 2024 - Arts Plastiques,Groupe d'étudiants en Arts Plastiques pour l'année 2024
Licence 2025 - Arts Plastiques,Groupe d'étudiants en Arts Plastiques pour l'année 2025
Master 2021 - Communication Digitale,Groupe d'étudiants en Communication Digitale pour l'année 2021
Master 2022 - Musique Classique,Groupe d'étudiants en Musique Classique pour l'année 2022
Option 2024 - Psychologie Clinique,Groupe d'étudiants en Psychologie Clinique pour l'année 2024
Groupe 2025 - Logistique,Groupe d'étudiants en Logistique pour l'année 2025
Licence 2024 - Arts Plastiques,Groupe d'étudiants en Arts Plastiques pour l'année 2024
Classe 2022 - Architecture Urbaine,Groupe d'étudiants en Architecture Urbaine pour l'année 2022
Classe 2020 - Communication Digitale,Groupe d'étudiants en Communication Digitale pour l'année 2020
Section 2025 - Commerce International,Groupe d'étudiants en Commerce International pour l'année 2025
Classe 2022 - Marketing,Groupe d'étudiants en Marketing pour l'année 2022
Promo 2020 - Littérature Française,Groupe d'étudiants en Littérature Française pour l'année 2020
Filière 2021 - Géographie Humaine,Groupe d'étudiants en Géographie Humaine pour l'année 2021
Section 2024 - Communication Digitale,Groupe d'étudiants en Communication Digitale pour l'année 2024
Spécialité 2024 - Littérature Française,Groupe d'étudiants en Littérature Française pour l'année 2024
Licence 2026 - Géographie Humaine,Groupe d'étudiants en Géographie Humaine pour l'année 2026
Option 2020 - Chimie Organique,Groupe d'étudiants en Chimie Organique pour l'année 2020
Option 2026 - Marketing,Groupe d'étudiants en Marketing pour l'année 2026
Master 2022 - Psychologie Clinique,Groupe d'étudiants en Psychologie Clinique pour l'année 2022
Master 2026 - Géographie Humaine,Groupe d'étudiants en Géographie Humaine pour l'année 2026
Groupe 2025 - Langues Étrangères,Groupe d'étudiants en Langues Étrangères pour l'année 2025
Promo 2022 - Commerce International,Groupe d'étudiants en Commerce International pour l'année 2022
Master 2022 - Droit International,Groupe d'étudiants en Droit International pour l'année 2022
Licence 2022 - Médecine Générale,Groupe d'étudiants en Médecine Générale pour l'année 2022
Master 2024 - Économie et Gestion,Groupe d'étudiants en Économie et Gestion pour l'année 2024
Master 2023 - Géographie Humaine,Groupe d'étudiants en Géographie Humaine pour l'année 2023
Promo 2026 - Médecine Générale,Groupe d'étudiants en Médecine Générale pour l'année 2026
Licence 2021 - Histoire Contemporaine,Groupe d'étudiants en Histoire Contemporaine pour l'année 2021
Master 2026 - Chimie Organique,Groupe d'étudiants en Chimie Organique pour l'année 2026
Groupe 2022 - Ressources Humaines,Groupe d'étudiants en Ressources Humaines pour l'année 2022
Licence 2022 - Informatique,Groupe d'étudiants en Informatique pour l'année 2022
Section 2022 - Génie Civil,Groupe d'étudiants en Génie Civil pour l'année 2022
Spécialité 2023 - Logistique,Groupe d'étudiants en Logistique pour l'année 2023
Section 2026 - Droit International,Groupe d'étudiants en Droit International pour l'année 2026
Classe 2026 - Logistique,Groupe d'étudiants en Logistique pour l'année 2026
Groupe 2024 - Philosophie Moderne,Groupe d'étudiants en Philosophie Moderne pour l'année 2024
Licence 2026 - Mathématiques Appliquées,Groupe d'étudiants en Mathématiques Appliquées pour l'année 2026
Licence 2024 - Ressources Humaines,Groupe d'étudiants en Ressources Humaines pour l'année 2024
Option 2024 - Géographie Humaine,Groupe d'étudiants en Géographie Humaine pour l'année 2024
Master 2022 - Ressources Humaines,Groupe d'étudiants en Ressources Humaines pour l'année 2022
Section 2023 - Médecine Générale,Groupe d'étudiants en Médecine Générale pour l'année 2023
Classe 2026 - Logistique,Groupe d'étudiants en Logistique pour l'année 2026
Promo 2020 - Environnement et Développement Durable,Groupe d'étudiants en Environnement et Développement Durable pour l'année 2020
Licence 2020 - Histoire Contemporaine,Groupe d'étudiants en Histoire Contemporaine pour l'année 2020
Filière 2025 - Génie Civil,Groupe d'étudiants en Génie Civil pour l'année 2025
Master 2024 - Littérature Française,Groupe d'étudiants en Littérature Française pour l'année 2024
Master 2020 - Droit International,Groupe d'étudiants en Droit International pour l'année 2020
Spécialité 2023 - Histoire Contemporaine,Groupe d'étudiants en Histoire Contemporaine pour l'année 2023
Promo 2024 - Informatique,Groupe d'étudiants en Informatique pour l'année 2024
Classe 2025 - Communication Digitale,Groupe d'étudiants en Communication Digitale pour l'année 2025
Filière 2020 - Agronomie,Groupe d'étudiants en Agronomie pour l'année 2020
Section 2024 - Informatique,Groupe d'étudiants en Informatique pour l'année 2024
Licence 2020 - Psychologie Clinique,Groupe d'étudiants en Psychologie Clinique pour l'année 2020
Groupe 2026 - Communication Digitale,Groupe d'étudiants en Communication Digitale pour l'année 2026
Option 2025 - Agronomie,Groupe d'étudiants en Agronomie pour l'année 2025
Filière 2020 - Psychologie Clinique,Groupe d'étudiants en Psychologie Clinique pour l'année 2020
Option 2022 - Mathématiques Appliquées,Groupe d'étudiants en Mathématiques Appliquées pour l'année 2022
Groupe 2020 - Tourisme,Groupe d'étudiants en Tourisme pour l'année 2020
Classe 2021 - Ressources Humaines,Groupe d'étudiants en Ressources Humaines pour l'année 2021
Filière 2026 - Psychologie Clinique,Groupe d'étudiants en Psychologie Clinique pour l'année 2026
Master 2020 - Histoire Contemporaine,Groupe d'étudiants en Histoire Contemporaine pour l'année 2020
Option 2025 - Ingénierie Mécanique,Groupe d'étudiants en Ingénierie Mécanique pour l'année 2025
Licence 2025 - Ingénierie Mécanique,Groupe d'étudiants en Ingénierie Mécanique pour l'année 2025
Spécialité 2025 - Ressources Humaines,Groupe d'étudiants en Ressources Humaines pour l'année 2025
Classe 2022 - Mathématiques Appliquées,Groupe d'étudiants en Mathématiques Appliquées pour l'année 2022
Licence 2026 - Ressources Humaines,Groupe d'étudiants en Ressources Humaines pour l'année 2026
Promo 2023 - Architecture Urbaine,Groupe d'étudiants en Architecture Urbaine pour l'année 2023
Section 2022 - Médecine Générale,Groupe d'étudiants en Médecine Générale pour l'année 2022
Section 2025 - Tourisme,Groupe d'étudiants en Tourisme pour l'année 2025
Promo 2022 - Environnement et Développement Durable,Groupe d'étudiants en Environnement et Développement Durable pour l'année 2022
Licence 2023 - Musique Classique,Groupe d'étudiants en Musique Classique pour l'année 2023
Master 2023 - Ingénierie Mécanique,Groupe d'étudiants en Ingénierie Mécanique pour l'année 2023
Groupe 2026 - Commerce International,Groupe d'étudiants en Commerce International pour l'année 2026
Classe 2020 - Littérature Française,Groupe d'étudiants en Littérature Française pour l'année 2020
Promo 2026 - Architecture Urbaine,Groupe d'étudiants en Architecture Urbaine pour l'année 2026
Licence 2023 - Finance,Groupe d'étudiants en Finance pour l'année 2023
Promo 2024 - Musique Classique,Groupe d'étudiants en Musique Classique pour l'année 2024
Classe 2020 - Commerce International,Groupe d'étudiants en Commerce International pour l'année 2020
Spécialité 2024 - Génie Civil,Groupe d'étudiants en Génie Civil pour l'année 2024
Master 2021 - Ingénierie Mécanique,Groupe d'étudiants en Ingénierie Mécanique pour l'année 2021
Spécialité 2020 - Génie Civil,Groupe d'étudiants en Génie Civil pour l'année 2020
Spécialité 2022 - Langues Étrangères,Groupe d'étudiants en Langues Étrangères pour l'année 2022
Promo 2025 - Environnement et Développement Durable,Groupe d'étudiants en Environnement et Développement Durable pour l'année 2025
Classe 2026 - Géographie Humaine,Groupe d'étudiants en Géographie Humaine pour l'année 2026
Classe 2020 - Commerce International,Groupe d'étudiants en Commerce International pour l'année 2020
Classe 2026 - Mathématiques Appliquées,Groupe d'étudiants en Mathématiques Appliquées pour l'année 2026
Spécialité 2026 - Droit International,Groupe d'étudiants en Droit International pour l'année 2026
Promo 2023 - Agronomie,Groupe d'étudiants en Agronomie pour l'année 2023
Master 2026 - Environnement et Développement Durable,Groupe d'étudiants en Environnement et Développement Durable pour l'année 2026
Promo 2022 - Arts Plastiques,Groupe d'étudiants en Arts Plastiques pour l'année 2022
Spécialité 2025 - Physique Fondamentale,Groupe d'étudiants en Physique Fondamentale pour l'année 2025
Master 2024 - Littérature Française,Groupe d'étudiants en Littérature Française pour l'année 2024
Option 2025 - Informatique,Groupe d'étudiants en Informatique pour l'année 2025
Classe 2025 - Physique Fondamentale,Groupe d'étudiants en Physique Fondamentale pour l'année 2025
Licence 2022 - Musique Classique,Groupe d'étudiants en Musique Classique pour l'année 2022
Promo 2026 - Génie Civil,Groupe d'étudiants en Génie Civil pour l'année 2026
Spécialité 2025 - Histoire Contemporaine,Groupe d'étudiants en Histoire Contemporaine pour l'année 2025
Spécialité 2023 - Musique Classique,Groupe d'étudiants en Musique Classique pour l'année 2023
Licence 2026 - Informatique,Groupe d'étudiants en Informatique pour l'année 2026
Master 2021 - Musique Classique,Groupe d'étudiants en Musique Classique pour l'année 2021
Option 2022 - Médecine Générale,Groupe d'étudiants en Médecine Générale pour l'année 2022
Spécialité 2024 - Musique Classique,Groupe d'étudiants en Musique Classique pour l'année 2024
Option 2021 - Communication Digitale,Groupe d'étudiants en Communication Digitale pour l'année 2021
Section 2023 - Arts Plastiques,Groupe d'étudiants en Arts Plastiques pour l'année 2023
Promo 2026 - Médecine Générale,Groupe d'étudiants en Médecine Générale pour l'année 2026
Filière 2026 - Environnement et Développement Durable,Groupe d'étudiants en Environnement et Développement Durable pour l'année 2026
Section 2025 - Informatique,Groupe d'étudiants en Informatique pour l'année 2025
Promo 2023 - Histoire Contemporaine,Groupe d'étudiants en Histoire Contemporaine pour l'année 2023
Section 2021 - Économie et Gestion,Groupe d'étudiants en Économie et Gestion pour l'année 2021
Section 2025 - Musique Classique,Groupe d'étudiants en Musique Classique pour l'année 2025
Filière 2021 - Commerce International,Groupe d'étudiants en Commerce International pour l'année 2021
Filière 2023 - Géographie Humaine,Groupe d'étudiants en Géographie Humaine pour l'année 2023
Groupe 2023 - Tourisme,Groupe d'étudiants en Tourisme pour l'année 2023
Spécialité 2024 - Géographie Humaine,Groupe d'étudiants en Géographie Humaine pour l'année 2024
Licence 2023 - Physique Fondamentale,Groupe d'étudiants en Physique Fondamentale pour l'année 2023
Master 2023 - Philosophie Moderne,Groupe d'étudiants en Philosophie Moderne pour l'année 2023
Classe 2020 - Physique Fondamentale,Groupe d'étudiants en Physique Fondamentale pour l'année 2020
Promo 2023 - Génie Civil,Groupe d'étudiants en Génie Civil pour l'année 2023
Groupe 2020 - Marketing,Groupe d'étudiants en Marketing pour l'année 2020
Filière 2020 - Mathématiques Appliquées,Groupe d'étudiants en Mathématiques Appliquées pour l'année 2020
Groupe 2022 - Tourisme,Groupe d'étudiants en Tourisme pour l'année 2022
Section 2026 - Droit International,Groupe d'étudiants en Droit International pour l'année 2026
Filière 2024 - Droit International,Groupe d'étudiants en Droit International pour l'année 2024
Option 2026 - Logistique,Groupe d'étudiants en Logistique pour l'année 2026
Licence 2025 - Finance,Groupe d'étudiants en Finance pour l'année 2025
Spécialité 2024 - Géographie Humaine,Groupe d'étudiants en Géographie Humaine pour l'année 2024
Master 2026 - Ressources Humaines,Groupe d'étudiants en Ressources Humaines pour l'année 2026
Promo 2026 - Agronomie,Groupe d'étudiants en Agronomie pour l'année 2026
Filière 2020 - Génie Civil,Groupe d'étudiants en Génie Civil pour l'année 2020
Section 2023 - Marketing,Groupe d'étudiants en Marketing pour l'année 2023
Filière 2020 - Géographie Humaine,Groupe d'étudiants en Géographie Humaine pour l'année 2020
Filière 2020 - Agronomie,Groupe d'étudiants en Agronomie pour l'année 2020
Option 2023 - Marketing,Groupe d'étudiants en Marketing pour l'année 2023
Promo 2020 - Commerce International,Groupe d'étudiants en Commerce International pour l'année 2020
Groupe 2024 - Ressources Humaines,Groupe d'étudiants en Ressources Humaines pour l'année 2024
Classe 2020 - Littérature Française,Groupe d'étudiants en Littérature Française pour l'année 2020
Master 2024 - Musique Classique,Groupe d'étudiants en Musique Classique pour l'année 2024
Licence 2024 - Langues Étrangères,Groupe d'étudiants en Langues Étrangères pour l'année 2024
Filière 2024 - Médecine Générale,Groupe d'étudiants en Médecine Générale pour l'année 2024
Classe 2025 - Logistique,Groupe d'étudiants en Logistique pour l'année 2025
Licence 2025 - Finance,Groupe d'étudiants en Finance pour l'année 2025
Spécialité 2020 - Logistique,Groupe d'étudiants en Logistique pour l'année 2020
Section 2024 - Finance,Groupe d'étudiants en Finance pour l'année 2024
Filière 2021 - Architecture Urbaine,Groupe d'étudiants en Architecture Urbaine pour l'année 2021
Section 2024 - Ressources Humaines,Groupe d'étudiants en Ressources Humaines pour l'année 2024
Classe 2025 - Mathématiques Appliquées,Groupe d'étudiants en Mathématiques Appliquées pour l'année 2025
Spécialité 2026 - Génie Civil,Groupe d'étudiants en Génie Civil pour l'année 2026
Section 2025 - Mathématiques Appliquées,Groupe d'étudiants en Mathématiques Appliquées pour l'année 2025
Filière 2024 - Géographie Humaine,Groupe d'étudiants en Géographie Humaine pour l'année 2024
Filière 2025 - Psychologie Clinique,Groupe d'étudiants en Psychologie Clinique pour l'année 2025
Classe 2023 - Architecture Urbaine,Groupe d'étudiants en Architecture Urbaine pour l'année 2023
Promo 2022 - Informatique,Groupe d'étudiants en Informatique pour l'année 2022
Licence 2026 - Arts Plastiques,Groupe d'étudiants en Arts Plastiques pour l'année 2026
Promo 2023 - Marketing,Groupe d'étudiants en Marketing pour l'année 2023
Groupe 2025 - Génie Civil,Groupe d'étudiants en Génie Civil pour l'année 2025
Spécialité 2020 - Agronomie,Groupe d'étudiants en Agronomie pour l'année 2020
Section 2022 - Marketing,Groupe d'étudiants en Marketing pour l'année 2022
Section 2021 - Histoire Contemporaine,Groupe d'étudiants en Histoire Contemporaine pour l'année 2021
Option 2020 - Informatique,Groupe d'étudiants en Informatique pour l'année 2020
Promo 2026 - Musique Classique,Groupe d'étudiants en Musique Classique pour l'année 2026
Promo 2025 - Médecine Générale,Groupe d'étudiants en Médecine Générale pour l'année 2025
Spécialité 2020 - Histoire Contemporaine,Groupe d'étudiants en Histoire Contemporaine pour l'année 2020
Filière 2026 - Agronomie,Groupe d'étudiants en Agronomie pour l'année 2026
Section 2021 - Mathématiques Appliquées,Groupe d'étudiants en Mathématiques Appliquées pour l'année 2021
Spécialité 2026 - Génie Civil,Groupe d'étudiants en Génie Civil pour l'année 2026
Licence 2022 - Ressources Humaines,Groupe d'étudiants en Ressources Humaines pour l'année 2022
Option 2023 - Marketing,Groupe d'étudiants en Marketing pour l'année 2023
Licence 2023 - Physique Fondamentale,Groupe d'étudiants en Physique Fondamentale pour l'année 2023
Master 2023 - Marketing,Groupe d'étudiants en Marketing pour l'année 2023
Master 2026 - Ressources Humaines,Groupe d'étudiants en Ressources Humaines pour l'année 2026
Spécialité 2025 - Agronomie,Groupe d'étudiants en Agronomie pour l'année 2025
Promo 2021 - Commerce International,Groupe d'étudiants en Commerce International pour l'année 2021
Filière 2020 - Médecine Générale,Groupe d'étudiants en Médecine Générale pour l'année 2020
Groupe 2020 - Ressources Humaines,Groupe d'étudiants en Ressources Humaines pour l'année 2020
Option 2020 - Génie Civil,Groupe d'étudiants en Génie Civil pour l'année 2020
Section 2023 - Langues Étrangères,Groupe d'étudiants en Langues Étrangères pour l'année 2023
Section 2022 - Littérature Française,Groupe d'étudiants en Littérature Française pour l'année 2022
Spécialité 2021 - Géographie Humaine,Groupe d'étudiants en Géographie Humaine pour l'année 2021
Master 2020 - Tourisme,Groupe d'étudiants en Tourisme pour l'année 2020
Promo 2024 - Droit International,Groupe d'étudiants en Droit International pour l'année 2024
Filière 2024 - Arts Plastiques,Groupe d'étudiants en Arts Plastiques pour l'année 2024
Spécialité 2020 - Logistique,Groupe d'étudiants en Logistique pour l'année 2020
Filière 2020 - Psychologie Clinique,Groupe d'étudiants en Psychologie Clinique pour l'année 2020
Promo 2026 - Physique Fondamentale,Groupe d'étudiants en Physique Fondamentale pour l'année 2026
Licence 2026 - Chimie Organique,Groupe d'étudiants en Chimie Organique pour l'année 2026
Groupe 2025 - Arts Plastiques,Groupe d'étudiants en Arts Plastiques pour l'année 2025
Filière 2026 - Agronomie,Groupe d'étudiants en Agronomie pour l'année 2026
Licence 2021 - Chimie Organique,Groupe d'étudiants en Chimie Organique pour l'année 2021
Master 2022 - Géographie Humaine,Groupe d'étudiants en Géographie Humaine pour l'année 2022
Classe 2023 - Ingénierie Mécanique,Groupe d'étudiants en Ingénierie Mécanique pour l'année 2023
Master 2021 - Physique Fondamentale,Groupe d'étudiants en Physique Fondamentale pour l'année 2021
Master 2022 - Médecine Générale,Groupe d'étudiants en Médecine Générale pour l'année 2022
Master 2023 - Finance,Groupe d'étudiants en Finance pour l'année 2023
Master 2020 - Chimie Organique,Groupe d'étudiants en Chimie Organique pour l'année 2020
Classe 2026 - Finance,Groupe d'étudiants en Finance pour l'année 2026
Licence 2023 - Mathématiques Appliquées,Groupe d'étudiants en Mathématiques Appliquées pour l'année 2023
Classe 2025 - Architecture Urbaine,Groupe d'étudiants en Architecture Urbaine pour l'année 2025
Option 2024 - Histoire Contemporaine,Groupe d'étudiants en Histoire Contemporaine pour l'année 2024
Promo 2020 - Agronomie,Groupe d'étudiants en Agronomie pour l'année 2020
Classe 2022 - Ingénierie Mécanique,Groupe d'étudiants en Ingénierie Mécanique pour l'année 2022
Groupe 2020 - Physique Fondamentale,Groupe d'étudiants en Physique Fondamentale pour l'année 2020
Licence 2020 - Architecture Urbaine,Groupe d'étudiants en Architecture Urbaine pour l'année 2020
Groupe 2025 - Environnement et Développement Durable,Groupe d'étudiants en Environnement et Développement Durable pour l'année 2025
Option 2026 - Littérature Française,Groupe d'étudiants en Littérature Française pour l'année 2026
Groupe 2020 - Géographie Humaine,Groupe d'étudiants en Géographie Humaine pour l'année 2020
Option 2020 - Ingénierie Mécanique,Groupe d'étudiants en Ingénierie Mécanique pour l'année 2020
Groupe 2021 - Biologie Moléculaire,Groupe d'étudiants en Biologie Moléculaire pour l'année 2021
Groupe 2021 - Ressources Humaines,Groupe d'étudiants en Ressources Humaines pour l'année 2021
Groupe 2020 - Arts Plastiques,Groupe d'étudiants en Arts Plastiques pour l'année 2020
Promo 2023 - Musique Classique,Groupe d'étudiants en Musique Classique pour l'année 2023
Classe 2020 - Musique Classique,Groupe d'étudiants en Musique Classique pour l'année 2020
Filière 2026 - Logistique,Groupe d'étudiants en Logistique pour l'année 2026
Section 2024 - Marketing,Groupe d'étudiants en Marketing pour l'année 2024
Master 2020 - Médecine Générale,Groupe d'étudiants en Médecine Générale pour l'année 2020
Groupe 2020 - Architecture Urbaine,Groupe d'étudiants en Architecture Urbaine pour l'année 2020
Section 2020 - Chimie Organique,Groupe d'étudiants en Chimie Organique pour l'année 2020
Master 2023 - Environnement et Développement Durable,Groupe d'étudiants en Environnement et Développement Durable pour l'année 2023
Promo 2025 - Philosophie Moderne,Groupe d'étudiants en Philosophie Moderne pour l'année 2025
Spécialité 2024 - Communication Digitale,Groupe d'étudiants en Communication Digitale pour l'année 2024
Licence 2022 - Histoire Contemporaine,Groupe d'étudiants en Histoire Contemporaine pour l'année 2022
Licence 2020 - Psychologie Clinique,Groupe d'étudiants en Psychologie Clinique pour l'année 2020
Option 2020 - Agronomie,Groupe d'étudiants en Agronomie pour l'année 2020
Master 2024 - Agronomie,Groupe d'étudiants en Agronomie pour l'année 2024
Option 2021 - Littérature Française,Groupe d'étudiants en Littérature Française pour l'année 2021
Groupe 2023 - Marketing,Groupe d'étudiants en Marketing pour l'année 2023
Promo 2020 - Histoire Contemporaine,Groupe d'étudiants en Histoire Contemporaine pour l'année 2020
Promo 2023 - Économie et Gestion,Groupe d'étudiants en Économie et Gestion pour l'année 2023
Licence 2022 - Économie et Gestion,Groupe d'étudiants en Économie et Gestion pour l'année 2022
Spécialité 2021 - Agronomie,Groupe d'étudiants en Agronomie pour l'année 2021
Option 2024 - Environnement et Développement Durable,Groupe d'étudiants en Environnement et Développement Durable pour l'année 2024
Promo 2022 - Tourisme,Groupe d'étudiants en Tourisme pour l'année 2022
Spécialité 2023 - Économie et Gestion,Groupe d'étudiants en Économie et Gestion pour l'année 2023
Promo 2025 - Génie Civil,Groupe d'étudiants en Génie Civil pour l'année 2025
Licence 2021 - Ingénierie Mécanique,Groupe d'étudiants en Ingénierie Mécanique pour l'année 2021
Groupe 2020 - Géographie Humaine,Groupe d'étudiants en Géographie Humaine pour l'année 2020
Licence 2025 - Médecine Générale,Groupe d'étudiants en Médecine Générale pour l'année 2025
Section 2024 - Finance,Groupe d'étudiants en Finance pour l'année 2024
Spécialité 2020 - Tourisme,Groupe d'étudiants en Tourisme pour l'année 2020
Classe 2021 - Musique Classique,Groupe d'étudiants en Musique Classique pour l'année 2021
Licence 2025 - Mathématiques Appliquées,Groupe d'étudiants en Mathématiques Appliquées pour l'année 2025
Classe 2020 - Philosophie Moderne,Groupe d'étudiants en Philosophie Moderne pour l'année 2020
Classe 2022 - Environnement et Développement Durable,Groupe d'étudiants en Environnement et Développement Durable pour l'année 2022
Option 2021 - Communication Digitale,Groupe d'étudiants en Communication Digitale pour l'année 2021
Spécialité 2022 - Histoire Contemporaine,Groupe d'étudiants en Histoire Contemporaine pour l'année 2022
Master 2024 - Philosophie Moderne,Groupe d'étudiants en Philosophie Moderne pour l'année 2024
Classe 2024 - Génie Civil,Groupe d'étudiants en Génie Civil pour l'année 2024
Option 2020 - Architecture Urbaine,Groupe d'étudiants en Architecture Urbaine pour l'année 2020
Promo 2022 - Histoire Contemporaine,Groupe d'étudiants en Histoire Contemporaine pour l'année 2022
Classe 2022 - Tourisme,Groupe d'étudiants en Tourisme pour l'année 2022
Licence 2022 - Arts Plastiques,Groupe d'étudiants en Arts Plastiques pour l'année 2022
Promo 2026 - Psychologie Clinique,Groupe d'étudiants en Psychologie Clinique pour l'année 2026
Classe 2026 - Ressources Humaines,Groupe d'étudiants en Ressources Humaines pour l'année 2026
Promo 2026 - Chimie Organique,Groupe d'étudiants en Chimie Organique pour l'année 2026
Spécialité 2025 - Commerce International,Groupe d'étudiants en Commerce International pour l'année 2025
Option 2020 - Tourisme,Groupe d'étudiants en Tourisme pour l'année 2020
Licence 2024 - Commerce International,Groupe d'étudiants en Commerce International pour l'année 2024
Master 2023 - Mathématiques Appliquées,Groupe d'étudiants en Mathématiques Appliquées pour l'année 2023
Promo 2025 - Histoire Contemporaine,Groupe d'étudiants en Histoire Contemporaine pour l'année 2025
Spécialité 2025 - Chimie Organique,Groupe d'étudiants en Chimie Organique pour l'année 2025
Master 2025 - Biologie Moléculaire,Groupe d'étudiants en Biologie Moléculaire pour l'année 2025
Classe 2026 - Psychologie Clinique,Groupe d'étudiants en Psychologie Clinique pour l'année 2026
Spécialité 2022 - Finance,Groupe d'étudiants en Finance pour l'année 2022
Spécialité 2026 - Marketing,Groupe d'étudiants en Marketing pour l'année 2026
Groupe 2020 - Arts Plastiques,Groupe d'étudiants en Arts Plastiques pour l'année 2020
Filière 2021 - Musique Classique,Groupe d'étudiants en Musique Classique pour l'année 2021
Option 2022 - Génie Civil,Groupe d'étudiants en Génie Civil pour l'année 2022
Master 2022 - Physique Fondamentale,Groupe d'étudiants en Physique Fondamentale pour l'année 2022
Groupe 2021 - Musique Classique,Groupe d'étudiants en Musique Classique pour l'année 2021
Option 2022 - Psychologie Clinique,Groupe d'étudiants en Psychologie Clinique pour l'année 2022
Promo 2023 - Droit International,Groupe d'étudiants en Droit International pour l'année 2023
Licence 2024 - Commerce International,Groupe d'étudiants en Commerce International pour l'année 2024
Spécialité 2021 - Commerce International,Groupe d'étudiants en Commerce International pour l'année 2021
Promo 2026 - Physique Fondamentale,Groupe d'étudiants en Physique Fondamentale pour l'année 2026
Spécialité 2021 - Arts Plastiques,Groupe d'étudiants en Arts Plastiques pour l'année 2021
Option 2021 - Médecine Générale,Groupe d'étudiants en Médecine Générale pour l'année 2021
Section 2020 - Droit International,Groupe d'étudiants en Droit International pour l'année 2020
Promo 2020 - Médecine Générale,Groupe d'étudiants en Médecine Générale pour l'année 2020
Option 2021 - Musique Classique,Groupe d'étudiants en Musique Classique pour l'année 2021
Option 2025 - Médecine Générale,Groupe d'étudiants en Médecine Générale pour l'année 2025
Section 2020 - Géographie Humaine,Groupe d'étudiants en Géographie Humaine pour l'année 2020
Filière 2025 - Littérature Française,Groupe d'étudiants en Littérature Française pour l'année 2025
Licence 2024 - Tourisme,Groupe d'étudiants en Tourisme pour l'année 2024
Filière 2026 - Ressources Humaines,Groupe d'étudiants en Ressources Humaines pour l'année 2026
Spécialité 2021 - Communication Digitale,Groupe d'étudiants en Communication Digitale pour l'année 2021
Promo 2025 - Tourisme,Groupe d'étudiants en Tourisme pour l'année 2025
Groupe 2022 - Philosophie Moderne,Groupe d'étudiants en Philosophie Moderne pour l'année 2022
Master 2022 - Physique Fondamentale,Groupe d'étudiants en Physique Fondamentale pour l'année 2022
Groupe 2025 - Langues Étrangères,Groupe d'étudiants en Langues Étrangères pour l'année 2025
Master 2021 - Géographie Humaine,Groupe d'étudiants en Géographie Humaine pour l'année 2021
Option 2023 - Économie et Gestion,Groupe d'étudiants en Économie et Gestion pour l'année 2023
Master 2021 - Physique Fondamentale,Groupe d'étudiants en Physique Fondamentale pour l'année 2021
Master 2022 - Marketing,Groupe d'étudiants en Marketing pour l'année 2022
Option 2020 - Agronomie,Groupe d'étudiants en Agronomie pour l'année 2020
Classe 2023 - Arts Plastiques,Groupe d'étudiants en Arts Plastiques pour l'année 2023
Licence 2022 - Architecture Urbaine,Groupe d'étudiants en Architecture Urbaine pour l'année 2022
Master 2023 - Environnement et Développement Durable,Groupe d'étudiants en Environnement et Développement Durable pour l'année 2023
Spécialité 2023 - Chimie Organique,Groupe d'étudiants en Chimie Organique pour l'année 2023
Groupe 2023 - Tourisme,Groupe d'étudiants en Tourisme pour l'année 2023
Section 2023 - Environnement et Développement Durable,Groupe d'étudiants en Environnement et Développement Durable pour l'année 2023
Option 2021 - Géographie Humaine,Groupe d'étudiants en Géographie Humaine pour l'année 2021
Promo 2023 - Histoire Contemporaine,Groupe d'étudiants en Histoire Contemporaine pour l'année 2023
Master 2026 - Marketing,Groupe d'étudiants en Marketing pour l'année 2026
Classe 2023 - Langues Étrangères,Groupe d'étudiants en Langues Étrangères pour l'année 2023
Groupe 2023 - Droit International,Groupe d'étudiants en Droit International pour l'année 2023
Licence 2020 - Biologie Moléculaire,Groupe d'étudiants en Biologie Moléculaire pour l'année 2020
Option 2021 - Tourisme,Groupe d'étudiants en Tourisme pour l'année 2021
Section 2021 - Langues Étrangères,Groupe d'étudiants en Langues Étrangères pour l'année 2021
Section 2023 - Commerce International,Groupe d'étudiants en Commerce International pour l'année 2023
Groupe 2024 - Communication Digitale,Groupe d'étudiants en Communication Digitale pour l'année 2024
Licence 2025 - Géographie Humaine,Groupe d'étudiants en Géographie Humaine pour l'année 2025
Filière 2020 - Histoire Contemporaine,Groupe d'étudiants en Histoire Contemporaine pour l'année 2020
Section 2022 - Économie et Gestion,Groupe d'étudiants en Économie et Gestion pour l'année 2022
Section 2021 - Arts Plastiques,Groupe d'étudiants en Arts Plastiques pour l'année 2021
Section 2024 - Agronomie,Groupe d'étudiants en Agronomie pour l'année 2024
Groupe 2023 - Chimie Organique,Groupe d'étudiants en Chimie Organique pour l'année 2023
Groupe 2021 - Communication Digitale,Groupe d'étudiants en Communication Digitale pour l'année 2021
Filière 2022 - Histoire Contemporaine,Groupe d'étudiants en Histoire Contemporaine pour l'année 2022
Promo 2026 - Architecture Urbaine,Groupe d'étudiants en Architecture Urbaine pour l'année 2026
Promo 2026 - Économie et Gestion,Groupe d'étudiants en Économie et Gestion pour l'année 2026
Section 2021 - Littérature Française,Groupe d'étudiants en Littérature Française pour l'année 2021
Classe 2020 - Ingénierie Mécanique,Groupe d'étudiants en Ingénierie Mécanique pour l'année 2020
Groupe 2022 - Agronomie,Groupe d'étudiants en Agronomie pour l'année 2022
Classe 2020 - Psychologie Clinique,Groupe d'étudiants en Psychologie Clinique pour l'année 2020
Promo 2023 - Tourisme,Groupe d'étudiants en Tourisme pour l'année 2023
Filière 2022 - Langues Étrangères,Groupe d'étudiants en Langues Étrangères pour l'année 2022
Groupe 2026 - Informatique,Groupe d'étudiants en Informatique pour l'année 2026
Spécialité 2024 - Tourisme,Groupe d'étudiants en Tourisme pour l'année 2024
Classe 2022 - Commerce International,Groupe d'étudiants en Commerce International pour l'année 2022
Master 2020 - Médecine Générale,Groupe d'étudiants en Médecine Générale pour l'année 2020
Master 2026 - Psychologie Clinique,Groupe d'étudiants en Psychologie Clinique pour l'année 2026
Option 2024 - Psychologie Clinique,Groupe d'étudiants en Psychologie Clinique pour l'année 2024
Filière 2020 - Histoire Contemporaine,Groupe d'étudiants en Histoire Contemporaine pour l'année 2020
Filière 2026 - Économie et Gestion,Groupe d'étudiants en Économie et Gestion pour l'année 2026
Classe 2023 - Psychologie Clinique,Groupe d'étudiants en Psychologie Clinique pour l'année 2023
Section 2025 - Ingénierie Mécanique,Groupe d'étudiants en Ingénierie Mécanique pour l'année 2025
Licence 2026 - Géographie Humaine,Groupe d'étudiants en Géographie Humaine pour l'année 2026
Classe 2021 - Agronomie,Groupe d'étudiants en Agronomie pour l'année 2021
Licence 2024 - Environnement et Développement Durable,Groupe d'étudiants en Environnement et Développement Durable pour l'année 2024
Classe 2026 - Littérature Française,Groupe d'étudiants en Littérature Française pour l'année 2026
Master 2020 - Biologie Moléculaire,Groupe d'étudiants en Biologie Moléculaire pour l'année 2020
Spécialité 2020 - Histoire Contemporaine,Groupe d'étudiants en Histoire Contemporaine pour l'année 2020
Section 2024 - Chimie Organique,Groupe d'étudiants en Chimie Organique pour l'année 2024
Spécialité 2026 - Communication Digitale,Groupe d'étudiants en Communication Digitale pour l'année 2026
Option 2025 - Commerce International,Groupe d'étudiants en Commerce International pour l'année 2025
Classe 2026 - Agronomie,Groupe d'étudiants en Agronomie pour l'année 2026
Spécialité 2022 - Littérature Française,Groupe d'étudiants en Littérature Française pour l'année 2022
Promo 2023 - Économie et Gestion,Groupe d'étudiants en Économie et Gestion pour l'année 2023
Section 2022 - Physique Fondamentale,Groupe d'étudiants en Physique Fondamentale pour l'année 2022
Spécialité 2025 - Géographie Humaine,Groupe d'étudiants en Géographie Humaine pour l'année 2025
Section 2024 - Finance,Groupe d'étudiants en Finance pour l'année 2024
Section 2020 - Chimie Organique,Groupe d'étudiants en Chimie Organique pour l'année 2020
Filière 2026 - Physique Fondamentale,Groupe d'étudiants en Physique Fondamentale pour l'année 2026
Licence 2024 - Physique Fondamentale,Groupe d'étudiants en Physique Fondamentale pour l'année 2024
Spécialité 2026 - Arts Plastiques,Groupe d'étudiants en Arts Plastiques pour l'année 2026
Spécialité 2026 - Communication Digitale,Groupe d'étudiants en Communication Digitale pour l'année 2026
Section 2023 - Communication Digitale,Groupe d'étudiants en Communication Digitale pour l'année 2023
Spécialité 2023 - Médecine Générale,Groupe d'étudiants en Médecine Générale pour l'année 2023
Option 2021 - Droit International,Groupe d'étudiants en Droit International pour l'année 2021
Option 2022 - Biologie Moléculaire,Groupe d'étudiants en Biologie Moléculaire pour l'année 2022
Filière 2020 - Histoire Contemporaine,Groupe d'étudiants en Histoire Contemporaine pour l'année 2020
Spécialité 2021 - Physique Fondamentale,Groupe d'étudiants en Physique Fondamentale pour l'année 2021
Groupe 2025 - Économie et Gestion,Groupe d'étudiants en Économie et Gestion pour l'année 2025
Filière 2024 - Droit International,Groupe d'étudiants en Droit International pour l'année 2024
Master 2022 - Biologie Moléculaire,Groupe d'étudiants en Biologie Moléculaire pour l'année 2022
Option 2021 - Physique Fondamentale,Groupe d'étudiants en Physique Fondamentale pour l'année 2021
Promo 2023 - Ingénierie Mécanique,Groupe d'étudiants en Ingénierie Mécanique pour l'année 2023
Option 2021 - Histoire Contemporaine,Groupe d'étudiants en Histoire Contemporaine pour l'année 2021
Option 2025 - Tourisme,Groupe d'étudiants en Tourisme pour l'année 2025
Section 2021 - Marketing,Groupe d'étudiants en Marketing pour l'année 2021
Master 2025 - Finance,Groupe d'étudiants en Finance pour l'année 2025
Master 2020 - Psychologie Clinique,Groupe d'étudiants en Psychologie Clinique pour l'année 2020
Master 2025 - Géographie Humaine,Groupe d'étudiants en Géographie Humaine pour l'année 2025
Spécialité 2022 - Marketing,Groupe d'étudiants en Marketing pour l'année 2022
Classe 2025 - Arts Plastiques,Groupe d'étudiants en Arts Plastiques pour l'année 2025
Master 2026 - Ingénierie Mécanique,Groupe d'étudiants en Ingénierie Mécanique pour l'année 2026
Spécialité 2023 - Communication Digitale,Groupe d'étudiants en Communication Digitale pour l'année 2023
Spécialité 2023 - Littérature Française,Groupe d'étudiants en Littérature Française pour l'année 2023
Licence 2022 - Environnement et Développement Durable,Groupe d'étudiants en Environnement et Développement Durable pour l'année 2022
Spécialité 2021 - Littérature Française,Groupe d'étudiants en Littérature Française pour l'année 2021
Filière 2023 - Biologie Moléculaire,Groupe d'étudiants en Biologie Moléculaire pour l'année 2023
Classe 2024 - Informatique,Groupe d'étudiants en Informatique pour l'année 2024
Classe 2022 - Tourisme,Groupe d'étudiants en Tourisme pour l'année 2022
Option 2020 - Psychologie Clinique,Groupe d'étudiants en Psychologie Clinique pour l'année 2020
Master 2024 - Ressources Humaines,Groupe d'étudiants en Ressources Humaines pour l'année 2024
Spécialité 2020 - Philosophie Moderne,Groupe d'étudiants en Philosophie Moderne pour l'année 2020
Option 2024 - Marketing,Groupe d'étudiants en Marketing pour l'année 2024
Filière 2025 - Marketing,Groupe d'étudiants en Marketing pour l'année 2025
Classe 2020 - Physique Fondamentale,Groupe d'étudiants en Physique Fondamentale pour l'année 2020
Master 2023 - Psychologie Clinique,Groupe d'étudiants en Psychologie Clinique pour l'année 2023
Classe 2023 - Commerce International,Groupe d'étudiants en Commerce International pour l'année 2023
Spécialité 2022 - Agronomie,Groupe d'étudiants en Agronomie pour l'année 2022
Spécialité 2021 - Littérature Française,Groupe d'étudiants en Littérature Française pour l'année 2021
Section 2026 - Ressources Humaines,Groupe d'étudiants en Ressources Humaines pour l'année 2026
Promo 2023 - Chimie Organique,Groupe d'étudiants en Chimie Organique pour l'année 2023
Filière 2026 - Agronomie,Groupe d'étudiants en Agronomie pour l'année 2026
Groupe 2020 - Commerce International,Groupe d'étudiants en Commerce International pour l'année 2020
Section 2023 - Philosophie Moderne,Groupe d'étudiants en Philosophie Moderne pour l'année 2023
Master 2023 - Architecture Urbaine,Groupe d'étudiants en Architecture Urbaine pour l'année 2023
Promo 2023 - Psychologie Clinique,Groupe d'étudiants en Psychologie Clinique pour l'année 2023
Filière 2022 - Architecture Urbaine,Groupe d'étudiants en Architecture Urbaine pour l'année 2022
Groupe 2023 - Marketing,Groupe d'étudiants en Marketing pour l'année 2023
Licence 2020 - Médecine Générale,Groupe d'étudiants en Médecine Générale pour l'année 2020
Licence 2020 - Ressources Humaines,Groupe d'étudiants en Ressources Humaines pour l'année 2020
Master 2026 - Architecture Urbaine,Groupe d'étudiants en Architecture Urbaine pour l'année 2026
Licence 2020 - Biologie Moléculaire,Groupe d'étudiants en Biologie Moléculaire pour l'année 2020
Promo 2024 - Droit International,Groupe d'étudiants en Droit International pour l'année 2024
Groupe 2023 - Informatique,Groupe d'étudiants en Informatique pour l'année 2023
Filière 2024 - Médecine Générale,Groupe d'étudiants en Médecine Générale pour l'année 2024
Licence 2020 - Biologie Moléculaire,Groupe d'étudiants en Biologie Moléculaire pour l'année 2020
Groupe 2023 - Géographie Humaine,Groupe d'étudiants en Géographie Humaine pour l'année 2023
Option 2026 - Géographie Humaine,Groupe d'étudiants en Géographie Humaine pour l'année 2026
Promo 2022 - Mathématiques Appliquées,Groupe d'étudiants en Mathématiques Appliquées pour l'année 2022
Section 2020 - Mathématiques Appliquées,Groupe d'étudiants en Mathématiques Appliquées pour l'année 2020
Groupe 2023 - Philosophie Moderne,Groupe d'étudiants en Philosophie Moderne pour l'année 2023
Licence 2021 - Médecine Générale,Groupe d'étudiants en Médecine Générale pour l'année 2021
Groupe 2021 - Architecture Urbaine,Groupe d'étudiants en Architecture Urbaine pour l'année 2021
Section 2023 - Tourisme,Groupe d'étudiants en Tourisme pour l'année 2023
Spécialité 2025 - Médecine Générale,Groupe d'étudiants en Médecine Générale pour l'année 2025
Groupe 2025 - Logistique,Groupe d'étudiants en Logistique pour l'année 2025
Spécialité 2024 - Logistique,Groupe d'étudiants en Logistique pour l'année 2024
Promo 2021 - Philosophie Moderne,Groupe d'étudiants en Philosophie Moderne pour l'année 2021
Promo 2024 - Histoire Contemporaine,Groupe d'étudiants en Histoire Contemporaine pour l'année 2024
Filière 2020 - Littérature Française,Groupe d'étudiants en Littérature Française pour l'année 2020
Promo 2020 - Économie et Gestion,Groupe d'étudiants en Économie et Gestion pour l'année 2020
Spécialité 2021 - Géographie Humaine,Groupe d'étudiants en Géographie Humaine pour l'année 2021
Spécialité 2021 - Biologie Moléculaire,Groupe d'étudiants en Biologie Moléculaire pour l'année 2021
Classe 2026 - Droit International,Groupe d'étudiants en Droit International pour l'année 2026
Option 2023 - Philosophie Moderne,Groupe d'étudiants en Philosophie Moderne pour l'année 2023
Spécialité 2023 - Marketing,Groupe d'étudiants en Marketing pour l'année 2023
Classe 2023 - Chimie Organique,Groupe d'étudiants en Chimie Organique pour l'année 2023
Spécialité 2023 - Environnement et Développement Durable,Groupe d'étudiants en Environnement et Développement Durable pour l'année 2023
Groupe 2024 - Logistique,Groupe d'étudiants en Logistique pour l'année 2024
Spécialité 2023 - Architecture Urbaine,Groupe d'étudiants en Architecture Urbaine pour l'année 2023
Section 2022 - Droit International,Groupe d'étudiants en Droit International pour l'année 2022
Master 2023 - Logistique,Groupe d'étudiants en Logistique pour l'année 2023
Option 2021 - Économie et Gestion,Groupe d'étudiants en Économie et Gestion pour l'année 2021
Groupe 2022 - Psychologie Clinique,Groupe d'étudiants en Psychologie Clinique pour l'année 2022
Master 2020 - Logistique,Groupe d'étudiants en Logistique pour l'année 2020
Option 2024 - Ingénierie Mécanique,Groupe d'étudiants en Ingénierie Mécanique pour l'année 2024
Licence 2021 - Informatique,Groupe d'étudiants en Informatique pour l'année 2021
Section 2025 - Physique Fondamentale,Groupe d'étudiants en Physique Fondamentale pour l'année 2025
Classe 2020 - Finance,Groupe d'étudiants en Finance pour l'année 2020
Classe 2020 - Ingénierie Mécanique,Groupe d'étudiants en Ingénierie Mécanique pour l'année 2020
Section 2026 - Commerce International,Groupe d'étudiants en Commerce International pour l'année 2026
Section 2022 - Informatique,Groupe d'étudiants en Informatique pour l'année 2022
Master 2021 - Arts Plastiques,Groupe d'étudiants en Arts Plastiques pour l'année 2021
Master 2026 - Médecine Générale,Groupe d'étudiants en Médecine Générale pour l'année 2026
Licence 2025 - Tourisme,Groupe d'étudiants en Tourisme pour l'année 2025
Filière 2023 - Géographie Humaine,Groupe d'étudiants en Géographie Humaine pour l'année 2023
Filière 2023 - Informatique,Groupe d'étudiants en Informatique pour l'année 2023
Option 2020 - Économie et Gestion,Groupe d'étudiants en Économie et Gestion pour l'année 2020
Option 2024 - Langues Étrangères,Groupe d'étudiants en Langues Étrangères pour l'année 2024
Classe 2021 - Informatique,Groupe d'étudiants en Informatique pour l'année 2021
Groupe 2022 - Communication Digitale,Groupe d'étudiants en Communication Digitale pour l'année 2022
Licence 2023 - Histoire Contemporaine,Groupe d'étudiants en Histoire Contemporaine pour l'année 2023
Filière 2020 - Philosophie Moderne,Groupe d'étudiants en Philosophie Moderne pour l'année 2020
Option 2021 - Mathématiques Appliquées,Groupe d'étudiants en Mathématiques Appliquées pour l'année 2021
Licence 2025 - Psychologie Clinique,Groupe d'étudiants en Psychologie Clinique pour l'année 2025
Section 2022 - Informatique,Groupe d'étudiants en Informatique pour l'année 2022
Filière 2023 - Arts Plastiques,Groupe d'étudiants en Arts Plastiques pour l'année 2023
Filière 2020 - Langues Étrangères,Groupe d'étudiants en Langues Étrangères pour l'année 2020
Master 2021 - Tourisme,Groupe d'étudiants en Tourisme pour l'année 2021
Option 2025 - Logistique,Groupe d'étudiants en Logistique pour l'année 2025
Spécialité 2024 - Médecine Générale,Groupe d'étudiants en Médecine Générale pour l'année 2024
Master 2025 - Médecine Générale,Groupe d'étudiants en Médecine Générale pour l'année 2025
Classe 2023 - Histoire Contemporaine,Groupe d'étudiants en Histoire Contemporaine pour l'année 2023
Section 2023 - Environnement et Développement Durable,Groupe d'étudiants en Environnement et Développement Durable pour l'année 2023
Groupe 2023 - Médecine Générale,Groupe d'étudiants en Médecine Générale pour l'année 2023
Section 2022 - Chimie Organique,Groupe d'étudiants en Chimie Organique pour l'année 2022
Option 2020 - Architecture Urbaine,Groupe d'étudiants en Architecture Urbaine pour l'année 2020
Promo 2022 - Chimie Organique,Groupe d'étudiants en Chimie Organique pour l'année 2022
Licence 2025 - Philosophie Moderne,Groupe d'étudiants en Philosophie Moderne pour l'année 2025
Licence 2026 - Génie Civil,Groupe d'étudiants en Génie Civil pour l'année 2026
Classe 2021 - Biologie Moléculaire,Groupe d'étudiants en Biologie Moléculaire pour l'année 2021
Spécialité 2023 - Philosophie Moderne,Groupe d'étudiants en Philosophie Moderne pour l'année 2023
Master 2024 - Littérature Française,Groupe d'étudiants en Littérature Française pour l'année 2024
Groupe 2024 - Biologie Moléculaire,Groupe d'étudiants en Biologie Moléculaire pour l'année 2024
Licence 2026 - Marketing,Groupe d'étudiants en Marketing pour l'année 2026
Promo 2020 - Finance,Groupe d'étudiants en Finance pour l'année 2020
Classe 2025 - Économie et Gestion,Groupe d'étudiants en Économie et Gestion pour l'année 2025
Option 2026 - Tourisme,Groupe d'étudiants en Tourisme pour l'année 2026
Promo 2022 - Communication Digitale,Groupe d'étudiants en Communication Digitale pour l'année 2022
Master 2022 - Agronomie,Groupe d'étudiants en Agronomie pour l'année 2022
Classe 2021 - Finance,Groupe d'étudiants en Finance pour l'année 2021
Groupe 2023 - Musique Classique,Groupe d'étudiants en Musique Classique pour l'année 2023
Master 2021 - Tourisme,Groupe d'étudiants en Tourisme pour l'année 2021
Filière 2020 - Économie et Gestion,Groupe d'étudiants en Économie et Gestion pour l'année 2020
Spécialité 2023 - Génie Civil,Groupe d'étudiants en Génie Civil pour l'année 2023
Spécialité 2022 - Ressources Humaines,Groupe d'étudiants en Ressources Humaines pour l'année 2022
Section 2026 - Ingénierie Mécanique,Groupe d'étudiants en Ingénierie Mécanique pour l'année 2026
Promo 2025 - Commerce International,Groupe d'étudiants en Commerce International pour l'année 2025
Licence 2020 - Arts Plastiques,Groupe d'étudiants en Arts Plastiques pour l'année 2020
Spécialité 2022 - Logistique,Groupe d'étudiants en Logistique pour l'année 2022
Master 2023 - Économie et Gestion,Groupe d'étudiants en Économie et Gestion pour l'année 2023
Licence 2020 - Marketing,Groupe d'étudiants en Marketing pour l'année 2020
Spécialité 2026 - Ressources Humaines,Groupe d'étudiants en Ressources Humaines pour l'année 2026
Licence 2022 - Droit International,Groupe d'étudiants en Droit International pour l'année 2022
Option 2024 - Environnement et Développement Durable,Groupe d'étudiants en Environnement et Développement Durable pour l'année 2024
Licence 2020 - Finance,Groupe d'étudiants en Finance pour l'année 2020
Filière 2020 - Tourisme,Groupe d'étudiants en Tourisme pour l'année 2020
Spécialité 2023 - Psychologie Clinique,Groupe d'étudiants en Psychologie Clinique pour l'année 2023
Master 2022 - Droit International,Groupe d'étudiants en Droit International pour l'année 2022
Section 2025 - Architecture Urbaine,Groupe d'étudiants en Architecture Urbaine pour l'année 2025
Option 2026 - Musique Classique,Groupe d'étudiants en Musique Classique pour l'année 2026
Section 2026 - Informatique,Groupe d'étudiants en Informatique pour l'année 2026
Filière 2021 - Physique Fondamentale,Groupe d'étudiants en Physique Fondamentale pour l'année 2021
Classe 2024 - Biologie Moléculaire,Groupe d'étudiants en Biologie Moléculaire pour l'année 2024
Promo 2020 - Physique Fondamentale,Groupe d'étudiants en Physique Fondamentale pour l'année 2020
Classe 2020 - Musique Classique,Groupe d'étudiants en Musique Classique pour l'année 2020
Filière 2021 - Génie Civil,Groupe d'étudiants en Génie Civil pour l'année 2021
Filière 2020 - Musique Classique,Groupe d'étudiants en Musique Classique pour l'année 2020
Classe 2026 - Mathématiques Appliquées,Groupe d'étudiants en Mathématiques Appliquées pour l'année 2026
Licence 2020 - Médecine Générale,Groupe d'étudiants en Médecine Générale pour l'année 2020
Filière 2024 - Arts Plastiques,Groupe d'étudiants en Arts Plastiques pour l'année 2024
Promo 2023 - Tourisme,Groupe d'étudiants en Tourisme pour l'année 2023
Spécialité 2025 - Architecture Urbaine,Groupe d'étudiants en Architecture Urbaine pour l'année 2025
Master 2026 - Musique Classique,Groupe d'étudiants en Musique Classique pour l'année 2026
Master 2025 - Génie Civil,Groupe d'étudiants en Génie Civil pour l'année 2025
Master 2025 - Génie Civil,Groupe d'étudiants en Génie Civil pour l'année 2025
Groupe 2024 - Environnement et Développement Durable,Groupe d'étudiants en Environnement et Développement Durable pour l'année 2024
Classe 2025 - Littérature Française,Groupe d'étudiants en Littérature Française pour l'année 2025
Master 2026 - Informatique,Groupe d'étudiants en Informatique pour l'année 2026
Filière 2021 - Environnement et Développement Durable,Groupe d'étudiants en Environnement et Développement Durable pour l'année 2021
Classe 2021 - Musique Classique,Groupe d'étudiants en Musique Classique pour l'année 2021
Filière 2023 - Musique Classique,Groupe d'étudiants en Musique Classique pour l'année 2023
Section 2024 - Marketing,Groupe d'étudiants en Marketing pour l'année 2024
Promo 2024 - Environnement et Développement Durable,Groupe d'étudiants en Environnement et Développement Durable pour l'année 2024
Classe 2021 - Médecine Générale,Groupe d'étudiants en Médecine Générale pour l'année 2021
Licence 2020 - Musique Classique,Groupe d'étudiants en Musique Classique pour l'année 2020
Section 2023 - Marketing,Groupe d'étudiants en Marketing pour l'année 2023
Classe 2020 - Environnement et Développement Durable,Groupe d'étudiants en Environnement et Développement Durable pour l'année 2020
Licence 2023 - Biologie Moléculaire,Groupe d'étudiants en Biologie Moléculaire pour l'année 2023
Licence 2022 - Littérature Française,Groupe d'étudiants en Littérature Française pour l'année 2022
Groupe 2020 - Tourisme,Groupe d'étudiants en Tourisme pour l'année 2020
Filière 2022 - Chimie Organique,Groupe d'étudiants en Chimie Organique pour l'année 2022
Filière 2025 - Mathématiques Appliquées,Groupe d'étudiants en Mathématiques Appliquées pour l'année 2025
Promo 2024 - Finance,Groupe d'étudiants en Finance pour l'année 2024
Promo 2021 - Médecine Générale,Groupe d'étudiants en Médecine Générale pour l'année 2021
Option 2021 - Philosophie Moderne,Groupe d'étudiants en Philosophie Moderne pour l'année 2021
Groupe 2021 - Finance,Groupe d'étudiants en Finance pour l'année 2021
Groupe 2020 - Génie Civil,Groupe d'étudiants en Génie Civil pour l'année 2020
Groupe 2020 - Mathématiques Appliquées,Groupe d'étudiants en Mathématiques Appliquées pour l'année 2020
Groupe 2023 - Informatique,Groupe d'étudiants en Informatique pour l'année 2023
Option 2023 - Tourisme,Groupe d'étudiants en Tourisme pour l'année 2023
Spécialité 2021 - Informatique,Groupe d'étudiants en Informatique pour l'année 2021
Section 2023 - Logistique,Groupe d'étudiants en Logistique pour l'année 2023
Master 2024 - Génie Civil,Groupe d'étudiants en Génie Civil pour l'année 2024
Classe 2021 - Communication Digitale,Groupe d'étudiants en Communication Digitale pour l'année 2021
Classe 2024 - Tourisme,Groupe d'étudiants en Tourisme pour l'année 2024
Licence 2025 - Informatique,Groupe d'étudiants en Informatique pour l'année 2025
Licence 2025 - Géographie Humaine,Groupe d'étudiants en Géographie Humaine pour l'année 2025
Section 2022 - Économie et Gestion,Groupe d'étudiants en Économie et Gestion pour l'année 2022
Section 2022 - Communication Digitale,Groupe d'étudiants en Communication Digitale pour l'année 2022
Master 2023 - Commerce International,Groupe d'étudiants en Commerce International pour l'année 2023
Option 2023 - Géographie Humaine,Groupe d'étudiants en Géographie Humaine pour l'année 2023
Groupe 2020 - Arts Plastiques,Groupe d'étudiants en Arts Plastiques pour l'année 2020
Master 2022 - Commerce International,Groupe d'étudiants en Commerce International pour l'année 2022
Section 2026 - Arts Plastiques,Groupe d'étudiants en Arts Plastiques pour l'année 2026
Master 2021 - Arts Plastiques,Groupe d'étudiants en Arts Plastiques pour l'année 2021
Section 2024 - Génie Civil,Groupe d'étudiants en Génie Civil pour l'année 2024
Licence 2022 - Chimie Organique,Groupe d'étudiants en Chimie Organique pour l'année 2022
Promo 2023 - Littérature Française,Groupe d'étudiants en Littérature Française pour l'année 2023
Filière 2021 - Génie Civil,Groupe d'étudiants en Génie Civil pour l'année 2021
Section 2023 - Géographie Humaine,Groupe d'étudiants en Géographie Humaine pour l'année 2023
Classe 2021 - Philosophie Moderne,Groupe d'étudiants en Philosophie Moderne pour l'année 2021
Licence 2022 - Histoire Contemporaine,Groupe d'étudiants en Histoire Contemporaine pour l'année 2022
Master 2024 - Agronomie,Groupe d'étudiants en Agronomie pour l'année 2024
Section 2025 - Architecture Urbaine,Groupe d'étudiants en Architecture Urbaine pour l'année 2025
Spécialité 2022 - Chimie Organique,Groupe d'étudiants en Chimie Organique pour l'année 2022
Option 2021 - Commerce International,Groupe d'étudiants en Commerce International pour l'année 2021
Filière 2026 - Commerce International,Groupe d'étudiants en Commerce International pour l'année 2026
Master 2024 - Informatique,Groupe d'étudiants en Informatique pour l'année 2024
Option 2021 - Géographie Humaine,Groupe d'étudiants en Géographie Humaine pour l'année 2021
Section 2020 - Musique Classique,Groupe d'étudiants en Musique Classique pour l'année 2020
Groupe 2021 - Langues Étrangères,Groupe d'étudiants en Langues Étrangères pour l'année 2021
Spécialité 2021 - Tourisme,Groupe d'étudiants en Tourisme pour l'année 2021
Master 2024 - Environnement et Développement Durable,Groupe d'étudiants en Environnement et Développement Durable pour l'année 2024
Spécialité 2022 - Physique Fondamentale,Groupe d'étudiants en Physique Fondamentale pour l'année 2022
Classe 2024 - Littérature Française,Groupe d'étudiants en Littérature Française pour l'année 2024
Groupe 2022 - Physique Fondamentale,Groupe d'étudiants en Physique Fondamentale pour l'année 2022
Spécialité 2021 - Langues Étrangères,Groupe d'étudiants en Langues Étrangères pour l'année 2021
Promo 2022 - Littérature Française,Groupe d'étudiants en Littérature Française pour l'année 2022
Option 2024 - Histoire Contemporaine,Groupe d'étudiants en Histoire Contemporaine pour l'année 2024
Option 2021 - Biologie Moléculaire,Groupe d'étudiants en Biologie Moléculaire pour l'année 2021
Filière 2026 - Ingénierie Mécanique,Groupe d'étudiants en Ingénierie Mécanique pour l'année 2026
Filière 2021 - Finance,Groupe d'étudiants en Finance pour l'année 2021
Classe 2025 - Psychologie Clinique,Groupe d'étudiants en Psychologie Clinique pour l'année 2025
Filière 2021 - Chimie Organique,Groupe d'étudiants en Chimie Organique pour l'année 2021
Groupe 2024 - Marketing,Groupe d'étudiants en Marketing pour l'année 2024
Promo 2021 - Communication Digitale,Groupe d'étudiants en Communication Digitale pour l'année 2021
Section 2025 - Ingénierie Mécanique,Groupe d'étudiants en Ingénierie Mécanique pour l'année 2025
Licence 2021 - Chimie Organique,Groupe d'étudiants en Chimie Organique pour l'année 2021
Groupe 2022 - Logistique,Groupe d'étudiants en Logistique pour l'année 2022
Section 2023 - Finance,Groupe d'étudiants en Finance pour l'année 2023
Filière 2025 - Langues Étrangères,Groupe d'étudiants en Langues Étrangères pour l'année 2025
Classe 2021 - Communication Digitale,Groupe d'étudiants en Communication Digitale pour l'année 2021
Filière 2020 - Génie Civil,Groupe d'étudiants en Génie Civil pour l'année 2020
Master 2024 - Informatique,Groupe d'étudiants en Informatique pour l'année 2024
Option 2023 - Économie et Gestion,Groupe d'étudiants en Économie et Gestion pour l'année 2023
Spécialité 2025 - Biologie Moléculaire,Groupe d'étudiants en Biologie Moléculaire pour l'année 2025
Groupe 2023 - Musique Classique,Groupe d'étudiants en Musique Classique pour l'année 2023
Classe 2026 - Ingénierie Mécanique,Groupe d'étudiants en Ingénierie Mécanique pour l'année 2026
Groupe 2026 - Ingénierie Mécanique,Groupe d'étudiants en Ingénierie Mécanique pour l'année 2026
Promo 2025 - Environnement et Développement Durable,Groupe d'étudiants en Environnement et Développement Durable pour l'année 2025
Promo 2023 - Histoire Contemporaine,Groupe d'étudiants en Histoire Contemporaine pour l'année 2023
Classe 2025 - Communication Digitale,Groupe d'étudiants en Communication Digitale pour l'année 2025
Filière 2025 - Commerce International,Groupe d'étudiants en Commerce International pour l'année 2025
Promo 2021 - Physique Fondamentale,Groupe d'étudiants en Physique Fondamentale pour l'année 2021
Filière 2026 - Arts Plastiques,Groupe d'étudiants en Arts Plastiques pour l'année 2026
Section 2021 - Littérature Française,Groupe d'étudiants en Littérature Française pour l'année 2021
Spécialité 2026 - Ingénierie Mécanique,Groupe d'étudiants en Ingénierie Mécanique pour l'année 2026
Section 2024 - Arts Plastiques,Groupe d'étudiants en Arts Plastiques pour l'année 2024
Option 2025 - Littérature Française,Groupe d'étudiants en Littérature Française pour l'année 2025
Section 2023 - Logistique,Groupe d'étudiants en Logistique pour l'année 2023
Classe 2020 - Environnement et Développement Durable,Groupe d'étudiants en Environnement et Développement Durable pour l'année 2020
Groupe 2022 - Droit International,Groupe d'étudiants en Droit International pour l'année 2022
Spécialité 2024 - Tourisme,Groupe d'étudiants en Tourisme pour l'année 2024
Filière 2024 - Mathématiques Appliquées,Groupe d'étudiants en Mathématiques Appliquées pour l'année 2024
Option 2024 - Logistique,Groupe d'étudiants en Logistique pour l'année 2024
Filière 2024 - Physique Fondamentale,Groupe d'étudiants en Physique Fondamentale pour l'année 2024
Filière 2026 - Informatique,Groupe d'étudiants en Informatique pour l'année 2026
Promo 2026 - Arts Plastiques,Groupe d'étudiants en Arts Plastiques pour l'année 2026
Groupe 2023 - Psychologie Clinique,Groupe d'étudiants en Psychologie Clinique pour l'année 2023
Option 2025 - Médecine Générale,Groupe d'étudiants en Médecine Générale pour l'année 2025
Section 2024 - Commerce International,Groupe d'étudiants en Commerce International pour l'année 2024
Classe 2026 - Histoire Contemporaine,Groupe d'étudiants en Histoire Contemporaine pour l'année 2026
Spécialité 2021 - Histoire Contemporaine,Groupe d'étudiants en Histoire Contemporaine pour l'année 2021
Groupe 2024 - Géographie Humaine,Groupe d'étudiants en Géographie Humaine pour l'année 2024
Section 2022 - Médecine Générale,Groupe d'étudiants en Médecine Générale pour l'année 2022
Master 2025 - Mathématiques Appliquées,Groupe d'étudiants en Mathématiques Appliquées pour l'année 2025
Option 2023 - Biologie Moléculaire,Groupe d'étudiants en Biologie Moléculaire pour l'année 2023
Spécialité 2026 - Arts Plastiques,Groupe d'étudiants en Arts Plastiques pour l'année 2026
Filière 2025 - Chimie Organique,Groupe d'étudiants en Chimie Organique pour l'année 2025
Option 2022 - Littérature Française,Groupe d'étudiants en Littérature Française pour l'année 2022
Groupe 2021 - Arts Plastiques,Groupe d'étudiants en Arts Plastiques pour l'année 2021
Master 2024 - Logistique,Groupe d'étudiants en Logistique pour l'année 2024
Promo 2022 - Commerce International,Groupe d'étudiants en Commerce International pour l'année 2022
Classe 2020 - Psychologie Clinique,Groupe d'étudiants en Psychologie Clinique pour l'année 2020
Master 2026 - Psychologie Clinique,Groupe d'étudiants en Psychologie Clinique pour l'année 2026
Filière 2022 - Logistique,Groupe d'étudiants en Logistique pour l'année 2022
Classe 2026 - Ressources Humaines,Groupe d'étudiants en Ressources Humaines pour l'année 2026
Licence 2022 - Littérature Française,Groupe d'étudiants en Littérature Française pour l'année 2022
Master 2025 - Biologie Moléculaire,Groupe d'étudiants en Biologie Moléculaire pour l'année 2025
Groupe 2020 - Mathématiques Appliquées,Groupe d'étudiants en Mathématiques Appliquées pour l'année 2020
Classe 2023 - Ingénierie Mécanique,Groupe d'étudiants en Ingénierie Mécanique pour l'année 2023
Section 2024 - Architecture Urbaine,Groupe d'étudiants en Architecture Urbaine pour l'année 2024
Section 2022 - Langues Étrangères,Groupe d'étudiants en Langues Étrangères pour l'année 2022
Promo 2025 - Marketing,Groupe d'étudiants en Marketing pour l'année 2025
Spécialité 2022 - Économie et Gestion,Groupe d'étudiants en Économie et Gestion pour l'année 2022
Licence 2021 - Langues Étrangères,Groupe d'étudiants en Langues Étrangères pour l'année 2021
Master 2025 - Géographie Humaine,Groupe d'étudiants en Géographie Humaine pour l'année 2025
Promo 2024 - Logistique,Groupe d'étudiants en Logistique pour l'année 2024
Promo 2025 - Tourisme,Groupe d'étudiants en Tourisme pour l'année 2025
Master 2023 - Mathématiques Appliquées,Groupe d'étudiants en Mathématiques Appliquées pour l'année 2023
Option 2020 - Mathématiques Appliquées,Groupe d'étudiants en Mathématiques Appliquées pour l'année 2020
Master 2025 - Environnement et Développement Durable,Groupe d'étudiants en Environnement et Développement Durable pour l'année 2025
Licence 2022 - Droit International,Groupe d'étudiants en Droit International pour l'année 2022
Master 2025 - Arts Plastiques,Groupe d'étudiants en Arts Plastiques pour l'année 2025
Spécialité 2026 - Ingénierie Mécanique,Groupe d'étudiants en Ingénierie Mécanique pour l'année 2026
Filière 2022 - Droit International,Groupe d'étudiants en Droit International pour l'année 2022
Groupe 2026 - Physique Fondamentale,Groupe d'étudiants en Physique Fondamentale pour l'année 2026
Classe 2021 - Environnement et Développement Durable,Groupe d'étudiants en Environnement et Développement Durable pour l'année 2021
Spécialité 2020 - Génie Civil,Groupe d'étudiants en Génie Civil pour l'année 2020
Licence 2022 - Ingénierie Mécanique,Groupe d'étudiants en Ingénierie Mécanique pour l'année 2022
Licence 2024 - Philosophie Moderne,Groupe d'étudiants en Philosophie Moderne pour l'année 2024
Section 2025 - Médecine Générale,Groupe d'étudiants en Médecine Générale pour l'année 2025
Option 2025 - Informatique,Groupe d'étudiants en Informatique pour l'année 2025
Section 2022 - Philosophie Moderne,Groupe d'étudiants en Philosophie Moderne pour l'année 2022
Licence 2021 - Médecine Générale,Groupe d'étudiants en Médecine Générale pour l'année 2021
Filière 2025 - Physique Fondamentale,Groupe d'étudiants en Physique Fondamentale pour l'année 2025
Filière 2022 - Arts Plastiques,Groupe d'étudiants en Arts Plastiques pour l'année 2022
Spécialité 2025 - Environnement et Développement Durable,Groupe d'étudiants en Environnement et Développement Durable pour l'année 2025
Master 2024 - Biologie Moléculaire,Groupe d'étudiants en Biologie Moléculaire pour l'année 2024
Licence 2025 - Arts Plastiques,Groupe d'étudiants en Arts Plastiques pour l'année 2025
Option 2025 - Marketing,Groupe d'étudiants en Marketing pour l'année 2025
Filière 2024 - Agronomie,Groupe d'étudiants en Agronomie pour l'année 2024
Spécialité 2023 - Agronomie,Groupe d'étudiants en Agronomie pour l'année 2023
Master 2023 - Arts Plastiques,Groupe d'étudiants en Arts Plastiques pour l'année 2023
Promo 2022 - Médecine Générale,Groupe d'étudiants en Médecine Générale pour l'année 2022
Groupe 2023 - Économie et Gestion,Groupe d'étudiants en Économie et Gestion pour l'année 2023
Classe 2021 - Environnement et Développement Durable,Groupe d'étudiants en Environnement et Développement Durable pour l'année 2021
Filière 2021 - Arts Plastiques,Groupe d'étudiants en Arts Plastiques pour l'année 2021
Licence 2026 - Histoire Contemporaine,Groupe d'étudiants en Histoire Contemporaine pour l'année 2026
Groupe 2023 - Commerce International,Groupe d'étudiants en Commerce International pour l'année 2023
Classe 2021 - Philosophie Moderne,Groupe d'étudiants en Philosophie Moderne pour l'année 2021
Classe 2020 - Arts Plastiques,Groupe d'étudiants en Arts Plastiques pour l'année 2020
Option 2021 - Informatique,Groupe d'étudiants en Informatique pour l'année 2021
Section 2023 - Géographie Humaine,Groupe d'étudiants en Géographie Humaine pour l'année 2023
Filière 2025 - Ingénierie Mécanique,Groupe d'étudiants en Ingénierie Mécanique pour l'année 2025
Licence 2024 - Économie et Gestion,Groupe d'étudiants en Économie et Gestion pour l'année 2024
Section 2026 - Musique Classique,Groupe d'étudiants en Musique Classique pour l'année 2026
Section 2023 - Ingénierie Mécanique,Groupe d'étudiants en Ingénierie Mécanique pour l'année 2023
Option 2023 - Marketing,Groupe d'étudiants en Marketing pour l'année 2023
Promo 2021 - Communication Digitale,Groupe d'étudiants en Communication Digitale pour l'année 2021
Filière 2025 - Géographie Humaine,Groupe d'étudiants en Géographie Humaine pour l'année 2025
Classe 2022 - Finance,Groupe d'étudiants en Finance pour l'année 2022
Spécialité 2026 - Chimie Organique,Groupe d'étudiants en Chimie Organique pour l'année 2026
Groupe 2025 - Architecture Urbaine,Groupe d'étudiants en Architecture Urbaine pour l'année 2025
Spécialité 2020 - Agronomie,Groupe d'étudiants en Agronomie pour l'année 2020
Promo 2022 - Agronomie,Groupe d'étudiants en Agronomie pour l'année 2022
Groupe 2021 - Biologie Moléculaire,Groupe d'étudiants en Biologie Moléculaire pour l'année 2021
Option 2022 - Mathématiques Appliquées,Groupe d'étudiants en Mathématiques Appliquées pour l'année 2022
Master 2023 - Musique Classique,Groupe d'étudiants en Musique Classique pour l'année 2023
Filière 2025 - Finance,Groupe d'étudiants en Finance pour l'année 2025
Licence 2020 - Informatique,Groupe d'étudiants en Informatique pour l'année 2020
Groupe 2021 - Littérature Française,Groupe d'étudiants en Littérature Française pour l'année 2021
Groupe 2024 - Environnement et Développement Durable,Groupe d'étudiants en Environnement et Développement Durable pour l'année 2024
Groupe 2023 - Philosophie Moderne,Groupe d'étudiants en Philosophie Moderne pour l'année 2023
Spécialité 2023 - Environnement et Développement Durable,Groupe d'étudiants en Environnement et Développement Durable pour l'année 2023
Promo 2020 - Histoire Contemporaine,Groupe d'étudiants en Histoire Contemporaine pour l'année 2020
Promo 2021 - Agronomie,Groupe d'étudiants en Agronomie pour l'année 2021
Spécialité 2020 - Ressources Humaines,Groupe d'étudiants en Ressources Humaines pour l'année 2020
Filière 2023 - Chimie Organique,Groupe d'étudiants en Chimie Organique pour l'année 2023
Promo 2023 - Mathématiques Appliquées,Groupe d'étudiants en Mathématiques Appliquées pour l'année 2023
Groupe 2022 - Histoire Contemporaine,Groupe d'étudiants en Histoire Contemporaine pour l'année 2022
Licence 2022 - Tourisme,Groupe d'étudiants en Tourisme pour l'année 2022
Groupe 2025 - Architecture Urbaine,Groupe d'étudiants en Architecture Urbaine pour l'année 2025
Classe 2023 - Biologie Moléculaire,Groupe d'étudiants en Biologie Moléculaire pour l'année 2023
Master 2023 - Économie et Gestion,Groupe d'étudiants en Économie et Gestion pour l'année 2023
Groupe 2022 - Marketing,Groupe d'étudiants en Marketing pour l'année 2022
Master 2024 - Ingénierie Mécanique,Groupe d'étudiants en Ingénierie Mécanique pour l'année 2024
Groupe 2023 - Philosophie Moderne,Groupe d'étudiants en Philosophie Moderne pour l'année 2023
Option 2023 - Droit International,Groupe d'étudiants en Droit International pour l'année 2023
Option 2023 - Littérature Française,Groupe d'étudiants en Littérature Française pour l'année 2023
Filière 2023 - Économie et Gestion,Groupe d'étudiants en Économie et Gestion pour l'année 2023
Option 2022 - Environnement et Développement Durable,Groupe d'étudiants en Environnement et Développement Durable pour l'année 2022
Licence 2025 - Chimie Organique,Groupe d'étudiants en Chimie Organique pour l'année 2025
Master 2021 - Environnement et Développement Durable,Groupe d'étudiants en Environnement et Développement Durable pour l'année 2021
Option 2023 - Agronomie,Groupe d'étudiants en Agronomie pour l'année 2023
Groupe 2022 - Histoire Contemporaine,Groupe d'étudiants en Histoire Contemporaine pour l'année 2022
Groupe 2024 - Littérature Française,Groupe d'étudiants en Littérature Française pour l'année 2024
Filière 2023 - Économie et Gestion,Groupe d'étudiants en Économie et Gestion pour l'année 2023
Master 2020 - Informatique,Groupe d'étudiants en Informatique pour l'année 2020
Classe 2025 - Architecture Urbaine,Groupe d'étudiants en Architecture Urbaine pour l'année 2025
Licence 2026 - Architecture Urbaine,Groupe d'étudiants en Architecture Urbaine pour l'année 2026
Promo 2020 - Logistique,Groupe d'étudiants en Logistique pour l'année 2020
Master 2024 - Histoire Contemporaine,Groupe d'étudiants en Histoire Contemporaine pour l'année 2024
Groupe 2022 - Droit International,Groupe d'étudiants en Droit International pour l'année 2022
