Sorbonne Université,Master Droit Pénal,Développer des algorithmes d apprentissage automatique,Niveau 1,Concevoir des algorithmes de base en apprentissage supervisé
Université de Lyon,Master Psychologie - Études sur l enfance,Analyser les spécificités développementales,Niveau 2,Évaluer les troubles et retards développementaux complexes
Université Toulouse III - Paul Sabatier,Licence Biologie Cellulaire,Maîtriser les concepts fondamentaux biologiques,Niveau 3,Intégrer les connaissances multi-échelles du vivant
Université d Angers,Master Didactique des Langues FLE,Concevoir des séquences pédagogiques,Niveau 1,Planifier une séance avec objectifs et activités
Université de Nantes,Master Gestion Ressources Humaines,Élaborer une vision stratégique RH,Niveau 2,Anticiper les transformations organisationnelles
Université Paris Descartes,Licence Psychologie Cognitive,Conduire des expériences psychologiques,Niveau 3,Développer de nouveaux paradigmes expérimentaux
Université de Bordeaux,Master Marketing Digital,Analyser le comportement consommateur digital,Niveau 1,Utiliser les outils d analyse web basiques
Université de Lille,DUT Génie Électrique,Concevoir des circuits électroniques,Niveau 2,Optimiser les performances et la consommation
Université de Strasbourg,Master Droit International,Interpréter les textes juridiques internationaux,Niveau 3,Résoudre des conflits de juridictions complexes
École Normale Supérieure Paris,Agrégation Mathématiques,Démontrer des théorèmes avancés,Niveau 1,Maîtriser les techniques de démonstration classiques
Université Aix-Marseille,Master Océanographie,Modéliser les écosystèmes marins,Niveau 2,Intégrer les facteurs climatiques dans les modèles
Université de Rennes,Licence Sociologie Urbaine,Analyser les dynamiques sociales urbaines,Niveau 3,Proposer des solutions d aménagement innovantes
Université de Montpellier,Master Biotechnologies,Manipuler les organismes génétiquement modifiés,Niveau 1,Appliquer les protocoles de sécurité biologiques
Université de Grenoble,Master Physique Quantique,Calculer les fonctions d onde,Niveau 2,Résoudre l équation de Schrödinger dans différents potentiels
Université Paris-Dauphine,Master Finance de Marché,Évaluer les instruments financiers dérivés,Niveau 3,Créer de nouveaux modèles de pricing
Université de Nice,Licence Arts du Spectacle,Mettre en scène des pièces théâtrales,Niveau 1,Diriger des acteurs non-professionnels
Université de Poitiers,Master Archéologie Préventive,Conduire des fouilles archéologiques,Niveau 2,Coordonner une équipe de fouilleurs
Université de La Rochelle,Master Sciences Marines,Analyser la pollution océanique,Niveau 3,Développer des indicateurs environnementaux
Université de Pau,Licence Langues Étrangères Appliquées,Traduire des textes techniques spécialisés,Niveau 1,Maîtriser la terminologie sectorielle de base
Université de Perpignan,Master Énergies Renouvelables,Dimensionner des installations solaires,Niveau 2,Optimiser le rendement selon les contraintes terrain
Université de Reims,Licence Histoire Contemporaine,Analyser des sources historiques primaires,Niveau 3,Établir de nouvelles chronologies historiques
Université de Tours,Master Aménagement du Territoire,Concevoir des plans d urbanisme,Niveau 1,Respecter la réglementation d urbanisme en vigueur
Université d Orléans,DUT Informatique,Gérer les réseaux sociaux d entreprise,Niveau 2,Intégrer des APIs tierces et des bases de données
Université du Maine,Master Acoustique Musicale,Analyser les propriétés acoustiques instruments,Niveau 3,Concevoir de nouveaux instruments acoustiques
Université de Versailles Saint-Quentin,Licence Géographie Physique,Cartographier les risques naturels,Niveau 1,Utiliser les systèmes d information géographique
Université d Évry,Master Intelligence Économique,Analyser la veille concurrentielle,Niveau 2,Synthétiser l information stratégique pour la direction
Université de Cergy-Pontoise,Licence Économie Gestion,Modéliser les marchés financiers,Niveau 3,Prédire les tendances macroéconomiques
Université Paris-Est Marne-la-Vallée,Master Génie Civil,Calculer la résistance des structures,Niveau 1,Appliquer les règles de calcul aux matériaux
Université Paris 13,Master Communication Digitale,Développer des applications web,Niveau 2,Développer une stratégie de contenu multicanal
Université Paris 8,Licence Cinéma Audiovisuel,Réaliser des courts métrages,Niveau 3,Innover dans l écriture cinématographique
CNAM Paris,Master Cybersécurité,Auditer la sécurité des systèmes,Niveau 1,Identifier les vulnérabilités techniques courantes
Université de Bourgogne,Master Œnologie,Analyser la qualité des vins,Niveau 2,Optimiser les processus de vinification
Université de Franche-Comté,Licence Mécanique,Concevoir des pièces mécaniques,Niveau 3,Innover dans les matériaux composites
Université de Savoie,Master Sports de Montagne,Encadrer des activités en haute montagne,Niveau 1,Assurer la sécurité des pratiquants débutants
Université Bretagne Sud,Master Cyber-Défense,Détecter les intrusions informatiques,Niveau 2,Analyser les logs et corréler les événements
INSA Lyon,Master Génie Industriel,Optimiser les chaînes de production,Niveau 3,Révolutionner les processus par l Industry 4.0
École Centrale Paris,Master Aéronautique,Calculer l aérodynamique des aéronefs,Niveau 1,Appliquer les équations de Navier-Stokes simplifiées
Polytechnique,Master Physique des Plasmas,Modéliser la fusion thermonucléaire,Niveau 2,Simuler les instabilités magnétohydrodynamiques
ENSAM,Master Robotique Industrielle,Programmer des bras robotisés,Niveau 3,Développer l intelligence artificielle embarquée
ESPCI Paris,Master Chimie des Matériaux,Synthétiser des nanomatériaux,Niveau 1,Maîtriser les techniques de synthèse bottom-up
École des Mines Paris,Master Géostatistique,Modéliser les gisements miniers,Niveau 2,Estimer les réserves par krigeage
Supélec,Master Systèmes Embarqués,Concevoir des circuits intégrés,Niveau 3,Innover dans l électronique basse consommation
ENSTA Paris,Master Systèmes Navals,Concevoir des navires militaires,Niveau 1,Respecter les cahiers des charges défense
Télécom Paris,Master Réseaux Télécoms,Dimensionner les réseaux 5G,Niveau 2,Optimiser la couverture et la capacité
École Polytechnique Féminine,Master Bio-Ingénierie,Concevoir des prothèses biocompatibles,Niveau 3,Révolutionner les interfaces cerveau-machine
ENSAE,Master Actuariat,Calculer les provisions d assurance,Niveau 1,Appliquer les tables de mortalité standards
HEC Paris,Master Management Luxe,Analyser les marchés du luxe mondial,Niveau 2,Développer des stratégies de premiumisation
ESSEC,Master Entrepreneuriat,Lever des fonds d investissement,Niveau 3,Négocier avec des fonds de capital-risque
ESCP Business School,Master Finance Internationale,Gérer les risques de change,Niveau 1,Utiliser les instruments de couverture basiques
EM Lyon,Master Marketing B2B,Développer des relations clients industriels,Niveau 2,Négocier des contrats cadres complexes
EDHEC,Master Asset Management,Construire des portefeuilles diversifiés,Niveau 3,Créer des stratégies d investissement alternatives
Skema Business School,Master Supply Chain,Optimiser la logistique internationale,Niveau 1,Gérer les flux physiques et documentaires
Audencia,Master RSE,Intégrer la durabilité dans la stratégie,Niveau 2,Mesurer l impact environnemental des activités
Neoma Business School,Master Business Analytics,Analyser les données clients massives,Niveau 3,Prédire les comportements par machine learning
TBS Toulouse Business School,Master Aéronautique Business,Négocier avec les équipementiers aéronautiques,Niveau 1,Comprendre les spécificités du secteur aéronautique
Rennes School of Business,Master Immobilier,Évaluer la rentabilité des projets immobiliers,Niveau 2,Modéliser les cash-flows sur cycle de vie
Burgundy School of Business,Master Vins et Spiritueux,Développer des marques de vins premium,Niveau 3,Créer de nouveaux concepts de distribution
La Rochelle Business School,Master Commerce International,Négocier à l international,Niveau 1,Maîtriser les Incoterms et réglementation
Université Catholique de Lyon,Master Éthique Médicale,Analyser les dilemmes bioéthiques,Niveau 2,Conseiller les comités d éthique hospitaliers
Institut Catholique Paris,Master Patrimoine Religieux,Apprendre la programmation orientée objet,Niveau 3,Innover dans les techniques de conservation
Université Sorbonne Nouvelle,Master Traduction Littéraire,Traduire la poésie contemporaine,Niveau 1,Respecter la métrique et les sonorités
Université Paris Nanterre,Master Anthropologie Visuelle,Réaliser des documentaires ethnographiques,Niveau 2,Capter les rites et traditions orales
Sciences Po Paris,Master Affaires Publiques,Analyser les politiques publiques,Niveau 3,Proposer des réformes institutionnelles
Sciences Po Lyon,Master Coopération Internationale,Étudier les politiques monétaires,Niveau 1,Respecter les procédures des bailleurs internationaux
Sciences Po Bordeaux,Master Journalisme,Enquêter sur des sujets d investigation,Niveau 2,Recouper les sources et vérifier l information
Sciences Po Lille,Master Sécurité Internationale,Analyser les conflits géopolitiques,Niveau 3,Anticiper les crises internationales
Sciences Po Rennes,Master Communication Politique,Gérer les campagnes électorales,Niveau 1,Maîtriser les techniques de communication de base
Sciences Po Strasbourg,Master Relations Franco-Allemandes,Faciliter les échanges transfrontaliers,Niveau 2,Négocier des accords de coopération bilatérale
Sciences Po Toulouse,Master Aménagement Territorial,Auditer la sécurité des systèmes,Niveau 3,Innover dans la gouvernance territoriale
École Normale Supérieure Lyon,Master Littérature Comparée,Analyser les influences littéraires transculturelles,Niveau 1,Identifier les références intertextuelles
École Normale Supérieure Cachan,Master Économie Quantitative,Modéliser les comportements économiques,Niveau 2,Tester économétriquement les théories
École Normale Supérieure Rennes,Master Informatique Théorique,Démontrer la complexité algorithmique,Niveau 3,Établir de nouvelles bornes de complexité
ENS Paris-Saclay,Master Mécanique des Fluides,Simuler les écoulements turbulents,Niveau 1,Utiliser les codes de calcul CFD standards
École Polytechnique Lyon,Master Matériaux Avancés,Caractériser les propriétés mécaniques,Niveau 2,Corréler microstructure et propriétés
ENSCM Montpellier,Master Génie des Procédés,Dimensionner les réacteurs chimiques,Niveau 3,Optimiser les procédés par modélisation moléculaire
ENSIACET Toulouse,Master Pétrochimie,Concevoir des unités de raffinage,Niveau 1,Respecter les normes de sécurité ATEX
ENSGTI Pau,Master Génie Pétrolier,Modéliser les réservoirs d hydrocarbures,Niveau 2,Optimiser la récupération assistée
ENSIC Nancy,Master Chimie Fine,Développer des voies de synthèse durables,Niveau 3,Innover en catalyse asymétrique
ENSCP Paris,Master Chimie Moléculaire,Élucider les structures par RMN,Niveau 1,Interpréter les spectres 1D et 2D
ENSCL Lille,Master Catalyse Industrielle,Optimiser les procédés catalytiques,Niveau 2,Régénérer et recycler les catalyseurs
ENSC Bordeaux,Master Formulation Cosmétique,Développer de nouveaux produits beauté,Niveau 3,Créer des textures et sensorialités inédites
ESTP Paris,Master BTP Innovation,Concevoir des bâtiments biosourcés,Niveau 1,Utiliser les matériaux écologiques standards
ENTPE Lyon,Master Infrastructures Durables,Évaluer l impact environnemental des projets,Niveau 2,Optimiser l analyse de cycle de vie
ENSAM Cluny,Master Patrimoine Industriel,Restaurer les machines historiques,Niveau 3,Innover dans la muséographie technique
ENSAM Metz,Master Usinage Grande Vitesse,Programmer les centres d usinage CNC,Niveau 1,Maîtriser la FAO et trajectoires d outils
ENSAM Bordeaux,Master Aérodynamique Automobile,Développer des applications web,Niveau 2,Réduire la traînée et améliorer l efficience
ENSAM Lille,Master Vibro-Acoustique,Réduire les nuisances sonores industrielles,Niveau 3,Concevoir des matériaux acoustiques innovants
Université de Technologie Belfort-Montbéliard,Master Énergie Hydrogène,Concevoir des piles à combustible,Niveau 1,Assembler les stacks et systèmes auxiliaires
Université de Technologie Compiègne,Master Biomécanique,Modéliser le mouvement humain,Niveau 2,Simuler les pathologies articulaires
Université de Technologie Troyes,Master Matériaux et Mécanique,Tester la fatigue des matériaux,Niveau 3,Prédire la durée de vie en service
ISEN Brest,Master Systèmes Embarqués Marins,Concevoir l électronique navale,Niveau 1,Respecter les normes maritimes internationales
ISEN Lille,Master Télécommunications Satellites,Calculer les bilans de liaison,Niveau 2,Optimiser les antennes et amplificateurs
ISEN Toulon,Master Guerre Électronique,Concevoir des systèmes de contre-mesures,Niveau 3,Innover dans la furtivité électromagnétique
ESME Sudria,Master IoT Industriel,Connecter les équipements industriels,Niveau 1,Implémenter les protocoles de communication
EPITA,Master Sécurité Informatique Avancée,Développer des outils de forensic,Niveau 2,Analyser les malwares et rootkits
EPITECH,Master Innovation Technologique,Créer des startups tech disruptives,Niveau 3,Lever des fonds et développer l écosystème
SUPINFO,Master Architecture Cloud,Migrer vers les infrastructures cloud,Niveau 1,Déployer des applications sur AWS/Azure
École 42,Master Développement Blockchain,Créer des smart contracts Ethereum,Niveau 2,Optimiser les coûts de transaction gas
WebTech Institute,Master Data Science,Analyser les données non-structurées,Niveau 3,Innover dans les architectures big data
HETIC,Master UX/UI Design,Concevoir des interfaces utilisateur intuitives,Niveau 1,Programmer en Java et Python
Supinfocom Rubika,Master Animation 3D,Créer des effets visuels cinématographiques,Niveau 2,Maîtriser les logiciels d animation avancés
ENJMIN,Master Game Design,Concevoir des mécaniques de jeu innovantes,Niveau 3,Révolutionner l expérience utilisateur gaming
ESRA,Master Production Audiovisuelle,Gérer des tournages de long métrage,Niveau 1,Intégrer des APIs tierces et des bases de données
FEMIS,Master Réalisation Cinématographique,Diriger des acteurs professionnels,Niveau 2,Développer sa signature artistique
École Louis-Lumière,Master Image et Son,Maîtriser l étalonnage numérique,Niveau 3,Innover dans les technologies d image
CNSMD Lyon,Master Composition Musicale Contemporaine,Composer pour orchestre symphonique,Niveau 1,Maîtriser l écriture instrumentale classique
CNSMD Paris,Master Direction d Orchestre,Diriger des œuvres du répertoire,Niveau 2,Développer sa gestuelle et autorité
Conservatoire de Strasbourg,Master Musicologie Numérique,Analyser les corpus musicaux par IA,Niveau 3,Développer de nouveaux outils d analyse
École du Louvre,Master Conservation Préventive,Diagnostiquer l état des œuvres d art,Niveau 1,Appliquer les protocoles de conservation
Institut National du Patrimoine,Master Restauration Peintures,Nettoyer et restaurer les tableaux anciens,Niveau 2,Choisir les techniques selon les pathologies
Villa Arson Nice,Master Art Contemporain,Développer une pratique artistique singulière,Niveau 3,Exposer dans des institutions reconnues
ENSBA Paris,Master Peinture,Expérimenter les techniques picturales mixtes,Niveau 1,Maîtriser les médiums traditionnels et contemporains
ENSBA Lyon,Master Sculpture,Créer des installations monumentales,Niveau 2,Intégrer l art dans l espace public
ENSCI Les Ateliers,Master Design Industriel,Concevoir des objets du quotidien durables,Niveau 3,Révolutionner les usages par l éco-design
ENSAD Paris,Master Design Graphique,Créer des identités visuelles de marque,Niveau 1,Maîtriser la chaîne graphique complète
École Camondo,Master Design d Espace,Aménager des espaces commerciaux,Niveau 2,Optimiser l expérience client par le design
École Boulle,Master Métiers d Art,Restaurer le mobilier d époque,Niveau 3,Innover dans les techniques artisanales
ESAG Penninghen,Master Direction Artistique,Concevoir des campagnes publicitaires,Niveau 1,Décliner les concepts sur tous supports
Strate École de Design,Master Design Transport,Concevoir les véhicules du futur,Niveau 2,Intégrer l expérience utilisateur multimodale
ISD Rubika,Master Design Numérique,Créer des expériences immersives VR/AR,Niveau 3,Pionnier dans les interfaces gestuelles
École de Design Nantes Atlantique,Master Design Alimentaire,Concevoir de nouveaux aliments fonctionnels,Niveau 1,Respecter la réglementation alimentaire
École Supérieure d Art et Design Orléans,Master Design Social,Concevoir pour les populations fragiles,Niveau 2,Co-créer avec les usagers concernés
École Supérieure d Art Annecy Alpes,Master Animation,Réaliser des films d animation d auteur,Niveau 3,Développer des techniques d animation originales
ENSA Paris-Belleville,Master Architecture Durable,Concevoir des bâtiments passifs,Niveau 1,Respecter la RT2012 et futures réglementations
ENSA Versailles,Master Patrimoine Architectural,Restaurer les monuments historiques,Niveau 2,Concevoir des algorithmes de base en apprentissage supervisé
ENSA Lyon,Master Architecture Numérique,Modéliser en BIM les projets complexes,Niveau 3,Innover dans la conception paramétrique
ENSA Marseille,Master Urbanisme Méditerranéen,Planifier les villes du climat chaud,Niveau 1,Adapter l urbanisme aux contraintes climatiques
ENSA Toulouse,Master Architecture Aéroportuaire,Concevoir les aérogares du futur,Niveau 2,Identifier les vulnérabilités techniques courantes
ENSA Nantes,Master Paysage Urbain,Concevoir des espaces verts en ville,Niveau 3,Révolutionner la biodiversité urbaine
École Spéciale d Architecture,Master Architecture d Intérieur,Aménager des espaces de travail collaboratifs,Niveau 1,Appliquer l ergonomie aux open spaces
École La Cambre Belgique,Master Photographie Documentaire,Réaliser des reportages sociaux engagés,Niveau 2,Développer un regard photographique personnel
École Nationale de Photo Arles,Master Photographie Numérique,Maîtriser la post-production avancée,Niveau 3,Innover dans les techniques d impression
EFAP Paris,Master Communication Corporate,Gérer la communication de crise,Niveau 1,Appliquer les protocoles de gestion de crise
CELSA Sorbonne,Master Communication Politique,Analyser l opinion publique,Niveau 2,Modéliser les comportements électoraux
ISCOM Paris,Master Marketing Digital,Optimiser le référencement SEO/SEA,Niveau 3,Anticiper les évolutions des algorithmes
SUP de COM,Master Relations Publiques,Organiser des événements d envergure,Niveau 1,Coordonner les prestataires et logistique
ESP École Supérieure de Publicité,Master Création Publicitaire,Concevoir des campagnes crossmédia,Niveau 2,Adapter le message aux différents canaux
ISCPA Institut Supérieur Communication,Master Journalisme Radio,Animer des émissions en direct,Niveau 3,Innover dans les formats radiophoniques
CFJ Centre de Formation des Journalistes,Master Journalisme Numérique,Produire des contenus multimédias,Niveau 1,Maîtriser les outils de publication web
École Supérieure de Journalisme Lille,Master Journalisme International,Couvrir les conflits à l étranger,Niveau 2,Négocier l accès aux zones sensibles
Institut Pratique du Journalisme,Master Presse Magazine,Concevoir des dossiers thématiques approfondis,Niveau 3,Développer des angles éditoriaux inédits
CUEJ Strasbourg,Master Journalisme Télévision,Présenter des journaux télévisés,Niveau 1,Maîtriser la diction et présence caméra
IEJ Institut Européen Journalisme,Master Journalisme Sportif,Commenter les événements sportifs,Niveau 2,Développer une expertise technique pointue
ISCID-CO Dunkerque,Master Communication Événementielle,Créer des expériences mémorables,Niveau 3,Révolutionner le marketing expérientiel
École Supérieure des Métiers de l Image,Master Effets Spéciaux Cinéma,Créer des créatures numériques photoréalistes,Niveau 1,Maîtriser les logiciels de modélisation 3D
RUBIKA Supinfogame,Master Programmation Jeux Vidéo,Développer des moteurs de jeu optimisés,Niveau 2,Programmer des shaders graphiques avancés
Supergame,Master Business des Jeux Vidéo,Monétiser les jeux free-to-play,Niveau 3,Innover dans les modèles économiques gaming
ENJMIN Le Mans,Master Interactive Entertainment,Créer des expériences transmédia,Niveau 1,Décliner des univers sur tous supports
École Georges Méliès,Master Cinéma d Animation,Diriger des équipes d animateurs,Niveau 2,Coordonner la production en pipeline
EMCA École des Métiers Cinéma Animation,Master Character Design,Concevoir des personnages iconiques,Niveau 3,Développer des styles graphiques reconnaissables
École de l Image GOBELINS,Master Design Graphique Motion,Animer des interfaces utilisateur,Niveau 1,Créer des micro-interactions fluides
École Supérieure Estienne,Master Arts Graphiques,Maîtriser les techniques d impression artisanales,Niveau 2,Innover dans les supports et encres
École Duperré,Master Design Textile,Créer des textiles techniques intelligents,Niveau 3,Intégrer l électronique dans les fibres
ENSAAMA Olivier de Serres,Master Design Produit,Concevoir des objets connectés durables,Niveau 1,Respecter l éco-conception et ergonomie
École Nationale Supérieure Création Industrielle,Master Innovation Design,Anticiper les usages de demain,Niveau 2,Prototyper rapidement les concepts
Institut Supérieur des Arts Appliqués,Master Scénographie,Concevoir des espaces d exposition immersifs,Niveau 3,Révolutionner la muséographie interactive
École Bleue,Master Communication Visuelle,Créer des systèmes d identité cohérents,Niveau 1,Décliner une charte graphique complète
École Intuit Lab,Master Design UX/UI,Optimiser l expérience utilisateur mobile,Niveau 2,Tester et itérer les interfaces
École de Condé,Master Illustration,Développer un style graphique personnel,Niveau 3,Se positionner sur le marché de l illustration
MJM Graphic Design,Master Webdesign,Créer des sites web responsive design,Niveau 1,Maîtriser les frameworks CSS modernes
ECV École de Communication Visuelle,Master Motion Design,Animer des logos et identités visuelles,Niveau 2,Analyser les logs et corréler les événements
École Supérieure de Design Troyes,Master Packaging,Concevoir des emballages éco-responsables,Niveau 3,Innover dans les matériaux biodégradables
LISAA École de Design,Master Architecture d Intérieur Commercial,Aménager des espaces de vente expérientiels,Niveau 1,Optimiser les parcours clients en magasin
École Supérieure d Arts Appliqués Bourgogne,Master Bijouterie Contemporaine,Créer des bijoux avec impression 3D,Niveau 2,Allier tradition orfèvre et technologies
École de Joaillerie BJOP,Master Haute Joaillerie,Sertir des pierres précieuses exceptionnelles,Niveau 3,Maîtriser les techniques de sertissage complexes
École Van Cleef et Arpels,Master Gemmologie Appliquée,Expertiser les pierres précieuses rares,Niveau 1,Identifier les traitements et synthèses
Institut National Gemmologie,Master Commerce Pierres Précieuses,Négocier sur les marchés internationaux,Niveau 2,Évaluer les risques géopolitiques
École Supérieure Horlogerie Genève,Master Complications Horlogères,Concevoir des mouvements mécaniques complexes,Niveau 3,Innover dans les échappements haute fréquence
CNAM École Horlogerie,Master Restauration Montres Anciennes,Réparer les garde-temps historiques,Niveau 1,Reconstituer les pièces manquantes d époque
École Technique Horlogerie Besançon,Master Horlogerie Connectée,Intégrer l électronique dans les montres,Niveau 2,Optimiser l autonomie des composants
École des Arts Joailliers,Master Design Joaillier,Dessiner des parures haute couture,Niveau 3,Collaborer avec les maisons de mode
Institut des Métiers d Excellence LVMH,Master Maroquinerie Luxe,Concevoir des sacs iconiques,Niveau 1,Maîtriser le patronage et assemblage cuir
École Supérieure Arts Appliqués Duperré,Master Mode Éthique,Créer des collections durables,Niveau 2,Sourcer des matières éco-responsables
ENSAD Paris Section Mode,Master Stylisme Haute Couture,Présenter aux défilés parisiens,Niveau 3,Révolutionner les codes vestimentaires
École de la Chambre Syndicale Couture,Master Modélisme Flou,Réaliser des robes de soirée sur-mesure,Niveau 1,Maîtriser le moulage sur mannequin
Studio Berçot,Master Création Mode Contemporaine,Développer une signature stylistique,Niveau 2,Créer des collections commercialisables
ESMOD Paris,Master Management Mode Luxe,Lancer des marques de mode confidentielles,Niveau 3,Développer les réseaux de distribution sélective
IFM Institut Français Mode,Master Marketing Mode,Analyser les tendances consommation mode,Niveau 1,Décoder les signaux faibles du marché
École Supérieure Arts Mode Rennes,Master Design Accessoires,Concevoir des sacs et chaussures techniques,Niveau 2,Intégrer fonctionnalité et esthétique
École Duperré Paris,Master Arts Textiles,Tisser des étoffes techniques performantes,Niveau 3,Innover dans les fibres et structures
ENSAIT Roubaix,Master Ingénierie Textile,Développer des textiles pour l aérospatiale,Niveau 1,Respecter les certifications aéronautiques
ITECH Lyon,Master Cuir Chaussure Maroquinerie,Industrialiser la production maroquinerie,Niveau 2,Optimiser les processus de tannage
Université Paris-Saclay,Master Intelligence Artificielle,Appliquer des méthodes d apprentissage supervisé,Niveau 1,Programmer des classifieurs basés sur la régression
Université Grenoble Alpes,Master Neurosciences,Comprendre les mécanismes neuronaux,Niveau 2,Élaborer des protocoles expérimentaux en neurobiologie
Université de Lille,Licence Informatique,Gérer des bases de données relationnelles,Niveau 3,Optimiser des requêtes SQL complexes
Université de Strasbourg,Master Biologie Moléculaire,Analyser les mécanismes de régulation génétique,Niveau 1,Utiliser les techniques de PCR et séquençage
Université de Nantes,Master Gestion de Projets,Coordonner des projets interdisciplinaires,Niveau 2,Appliquer les méthodes agiles à des cas pratiques
Université de Bordeaux,Licence Chimie,Maîtriser les réactions organiques de base,Niveau 3,Synthétiser des molécules complexes en laboratoire
Université de Rennes 1,Master Économie Internationale,Étudier les flux commerciaux mondiaux,Niveau 1,Interpréter les indicateurs macroéconomiques
Université de Montpellier,Master Droit Public,Analyser la législation administrative,Niveau 2,Rédiger des mémoires juridiques détaillés
Université de Poitiers,Licence Histoire de l Art,Étudier les courants artistiques européens,Niveau 3,Développer des analyses iconographiques approfondies
Université de Tours,Master Santé Publique,Évaluer les politiques sanitaires,Niveau 1,Interpréter les statistiques épidémiologiques de base
Université de Caen,Master Sciences Politiques,Comprendre les institutions politiques,Niveau 2,Comparer les systèmes démocratiques contemporains
Université de Lorraine,Licence Mathématiques,Appliquer les théorèmes fondamentaux,Niveau 3,Résoudre des équations différentielles complexes
Université d Angers,Master Sciences de l Éducation,Concevoir des dispositifs pédagogiques,Niveau 1,Mettre en place des séquences didactiques adaptées
Université Clermont Auvergne,Master Géosciences,Analyser les formations géologiques,Niveau 2,Modéliser les risques sismiques
Université de Reims,Licence Physique,Décrire les lois fondamentales de la mécanique,Niveau 3,Étudier les systèmes dynamiques non linéaires
Université de Limoges,Master Informatique Décisionnelle,Exploiter les données massives,Niveau 1,Construire des tableaux de bord interactifs
Université de Franche-Comté,Master Droit Européen,Interpréter les traités communautaires,Niveau 2,Analyser les arrêts de la Cour de Justice
Université de Savoie,Licence Sciences Sociales,Étudier les comportements collectifs,Niveau 3,Élaborer des enquêtes sociologiques avancées
Université de Corse,Master Énergies Durables,Développer des systèmes photovoltaïques,Niveau 1,Dimensionner des installations solaires
Université d Évry,Master Robotique,Programmer des systèmes autonomes,Niveau 2,Optimiser les algorithmes de navigation
Université Paris 1 Panthéon-Sorbonne,Master Histoire Médiévale,Analyser les sources manuscrites,Niveau 3,Établir des éditions critiques de textes anciens
Université Paris 2 Panthéon-Assas,Master Informatique - Intelligence Artificielle,Étudier la responsabilité pénale,Niveau 1,Rédiger des analyses de cas juridiques
Université Paris 3 Sorbonne Nouvelle,Licence Lettres Modernes,Analyser des textes littéraires,Niveau 2,Développer des commentaires composés argumentés
Université Paris 4 Sorbonne,Master Philosophie Politique,Étudier les doctrines modernes,Niveau 3,Programmer en Java et Python
Université Paris 5 Descartes,Master Psychologie Clinique,Observer les comportements pathologiques,Niveau 1,Déployer des services sur le cloud
Université Paris 6 Pierre et Marie Curie,Licence Physique Chimie,Étudier la matière et ses interactions,Niveau 2,Appliquer les lois de la thermodynamique
Université Paris 7 Diderot,Master Littérature Comparée,Comparer les traditions littéraires,Niveau 3,Analyser les correspondances entre auteurs
Université Paris 10 Nanterre,Licence Droit Privé,Connaître les bases du droit civil,Niveau 1,Appliquer le code civil à des situations concrètes
Université Paris 11 Orsay,Master Mathématiques Fondamentales,Étudier les structures algébriques,Niveau 2,Démontrer des théorèmes de topologie
Université Paris 12 Créteil,Licence Gestion,Maîtriser les principes comptables,Niveau 3,Élaborer des bilans financiers consolidés
Université Paris 13 Villetaneuse,Master Communication,Analyser les médias numériques,Niveau 1,Développer une stratégie sur réseaux sociaux
Université Paris Dauphine,Master Management,Coordonner des équipes pluridisciplinaires,Niveau 2,Mettre en œuvre une stratégie organisationnelle
Université de Nice,Licence Biologie Marine,Étudier la biodiversité marine,Niveau 3,Évaluer les impacts de la pollution sur les écosystèmes
Université de Pau,Master Chimie Organique,Concevoir des réactions de synthèse,Niveau 1,Utiliser les spectres RMN pour identifier les molécules
Université de Perpignan,Licence Informatique,Programmer en langage C,Niveau 2,Développer des applications performantes
Université de Valenciennes,Master Transport et Logistique,Optimiser les flux de marchandises,Niveau 3,Élaborer des stratégies de supply chain
Université de Versailles,Licence Sciences de la Terre,Décrire les processus géologiques,Niveau 1,Identifier les roches et minéraux
Université de Cergy,Master Ingénierie Logicielle,Développer des systèmes complexes,Niveau 2,Mettre en œuvre des architectures microservices
Université de La Rochelle,Licence Droit Public,Analyser les institutions administratives,Niveau 3,Évaluer l impact des réformes juridiques
Université de Polynésie Française,Master Tourisme Durable,Promouvoir un tourisme responsable,Niveau 1,Élaborer des circuits éco-touristiques
Université de Guyane,Licence Sociologie,Comprendre les dynamiques sociales locales,Niveau 2,Analyser les rapports interculturels
Université de Nouvelle-Calédonie,Master Environnement,Étudier les écosystèmes insulaires,Niveau 3,Développer des stratégies de préservation
Université de Genève,Master Relations Internationales,Étudier la diplomatie contemporaine,Niveau 1,Analyser les négociations multilatérales
Université de Lausanne,Licence Histoire,Analyser les périodes antiques,Niveau 2,Interpréter des sources archéologiques
Université de Bruxelles,Master Sciences Politiques,Étudier les systèmes électoraux,Niveau 3,Construire des modèles de prévision électorale
Université de Liège,Licence Biotechnologies,Étudier les micro-organismes,Niveau 1,Utiliser les techniques de culture bactérienne
Université de Neuchâtel,Master Droit International,Analyser les traités mondiaux,Niveau 2,Comparer les juridictions internationales
Université de Fribourg,Licence Psychologie,Étudier les mécanismes cognitifs,Niveau 3,Expérimenter des protocoles de mémoire
Université de Luxembourg,Master Informatique,Concevoir des systèmes distribués,Niveau 1,Déployer des services sur le cloud
Université de Montréal,Licence Économie,Analyser les politiques économiques,Niveau 2,Évaluer les impacts budgétaires
Université de Laval,Master Éducation,Concevoir des dispositifs pédagogiques,Niveau 3,Développer des formations numériques
Université d Ottawa,Licence Génie Civil,Étudier la résistance des matériaux,Niveau 1,Appliquer les normes de construction
Université de Toronto,Master Sciences Cognitives,Analyser les big data,Niveau 2,Mettre en place des expériences cognitives
Université de Québec,Licence Communication,Analyser les médias de masse,Niveau 3,Produire des contenus audiovisuels innovants
Université McGill,Master Médecine,Étudier les systèmes organiques,Niveau 1,Appliquer les techniques d anatomie
Université Harvard,Master Business Administration,Analyser la stratégie d entreprise,Niveau 2,Développer des business plans complexes
Université MIT,Licence Ingénierie,Maîtriser les bases de l électronique,Niveau 3,Concevoir des circuits intégrés avancés
Université Stanford,Master Data Science,Étudier les processus mentaux,Niveau 1,Appliquer des algorithmes de classification
Université Berkeley,Licence Écologie,Étudier les écosystèmes forestiers,Niveau 2,Modéliser les dynamiques de populations
Université Yale,Master Droit,Étudier les systèmes juridiques comparés,Niveau 3,Défendre des causes internationales
Université Princeton,Licence Philosophie,Étudier les concepts fondamentaux,Niveau 1,Rédiger des dissertations argumentées
Université Columbia,Master Journalisme,Analyser les pratiques médiatiques,Niveau 2,Produire des reportages multimédias
Université Chicago,Licence Sociologie,Étudier les dynamiques urbaines,Niveau 3,Élaborer des études de terrain
Université Cambridge,Master Histoire de l Art,Analyser les œuvres picturales,Niveau 1,Décrire les styles et influences
Université Oxford,Licence Littérature Anglaise,Étudier les auteurs classiques,Niveau 2,Comparer les courants littéraires
Université Melbourne,Master Ingénierie Biomédicale,Concevoir des dispositifs médicaux,Niveau 3,Innover dans les prothèses intelligentes
Université Sydney,Licence Physique,Étudier les lois fondamentales,Niveau 1,Appliquer la mécanique classique
Université Tokyo,Master Intelligence Artificielle,Développer des algorithmes d apprentissage automatique,Niveau 2,Développer des modèles d apprentissage profond
Université Kyoto,Licence Biologie,Étudier la génétique animale,Niveau 3,Expérimenter sur les organismes modèles
Université Pékin,Master Énergies Renouvelables,Développer des technologies solaires,Niveau 1,Installer des panneaux photovoltaïques
Université Tsinghua,Licence Chimie,Étudier les réactions chimiques,Niveau 2,Analyser les cinétiques réactionnelles
Université Hong Kong,Master Droit Commercial,Étudier les règles du commerce,Niveau 3,Rédiger des contrats internationaux
Université Singapour,Licence Informatique,Programmer des algorithmes,Niveau 1,Développer des applications mobiles
Université Séoul,Master Ingénierie Automobile,Concevoir des moteurs hybrides,Niveau 2,Optimiser la consommation énergétique
Université Delhi,Licence Mathématiques,Étudier les équations algébriques,Niveau 3,Appliquer les théorèmes avancés
Université Le Caire,Master Archéologie,Étudier les civilisations antiques,Niveau 1,Analyser les hiéroglyphes
Université Casablanca,Licence Gestion,Comprendre la comptabilité,Niveau 2,Élaborer des bilans prévisionnels
Université Rabat,Master Sciences Politiques,Analyser les institutions africaines,Niveau 3,Proposer des réformes institutionnelles
Université Tunis,Licence Droit,Étudier le droit constitutionnel,Niveau 1,Rédiger des cas pratiques juridiques
Université Alger,Master Économie,Analyser les marchés locaux,Niveau 2,Évaluer les politiques monétaires
Université Dakar,Licence Biologie,Étudier la faune africaine,Niveau 3,Développer des programmes de préservation
Université Abidjan,Master Communication,Étudier la communication publique,Niveau 1,Organiser des campagnes de sensibilisation
Université Bamako,Licence Informatique,Apprendre la programmation web,Niveau 2,Développer des sites dynamiques
Université Lomé,Master Droit International,Analyser les conventions africaines,Niveau 3,Défendre des causes devant les juridictions régionales
Université Kinshasa,Licence Physique,Étudier l électricité et le magnétisme,Niveau 1,Appliquer les lois de l électromagnétisme
Université Addis-Abeba,Master Santé Publique,Étudier les systèmes de soins,Niveau 2,Élaborer des politiques de prévention
Université Johannesburg,Licence Chimie,Étudier la chimie minérale,Niveau 3,Développer de nouveaux alliages
Université Sao Paulo,Master Architecture,Étudier les algorithmes,Niveau 1,Appliquer les normes environnementales
Université Rio de Janeiro,Licence Géographie,Étudier les paysages brésiliens,Niveau 2,Analyser les dynamiques urbaines
Université Buenos Aires,Master Sociologie,Étudier les inégalités sociales,Niveau 3,Proposer des réformes sociales
Université Santiago du Chili,Licence Histoire,Étudier les révolutions sud-américaines,Niveau 1,Analyser les archives nationales
Université Mexico,Master Génie Civil,Concevoir des ponts et routes,Niveau 2,Optimiser la résistance des matériaux
Université Bogota,Licence Littérature,Étudier la poésie hispanique,Niveau 3,Comparer les auteurs latino-américains
Université Lima,Master Médecine Tropicale,Étudier les maladies endémiques,Niveau 1,Appliquer les traitements préventifs
Université Caracas,Licence Droit Pénal,Étudier la criminalité,Niveau 2,Analyser les systèmes judiciaires
Université Quito,Master Biologie Tropicale,Étudier les écosystèmes amazoniens,Niveau 3,Développer des programmes de conservation
Université Madrid,Licence Informatique,Concevoir des bâtiments durables,Niveau 1,Programmer en Java et Python
Université Barcelone,Master Marketing,Analyser les comportements de consommation,Niveau 2,Développer des stratégies publicitaires
Université Séville,Licence Musique,Étudier la théorie musicale,Niveau 3,Intégrer des APIs tierces et des bases de données
Université Rome,Master Droit Européen,Analyser les institutions de l UE,Niveau 1,Rédiger des dossiers juridiques
Université Milan,Master Informatique - Intelligence Artificielle,Étudier la conception visuelle,Niveau 2,Créer des projets de communication graphique
Université Berlin,Master Physique,Étudier les particules élémentaires,Niveau 3,Conduire des expériences en accélérateur
Université Munich,Licence Informatique,Étudier les bases de données,Niveau 1,Concevoir des schémas relationnels
Université Hambourg,Master Psychologie,Étudier les comportements humains,Niveau 2,Mettre en place des thérapies cognitives
Université Vienne,Licence Histoire,Étudier la période moderne,Niveau 3,Concevoir des algorithmes de base en apprentissage supervisé
Université Prague,Master Ingénierie,Étudier la mécanique appliquée,Niveau 1,Appliquer les lois de Newton
Université Varsovie,Licence Économie,Étudier les marchés financiers,Niveau 2,Prévoir les évolutions boursières
Université Budapest,Master Musique,Étudier la composition,Niveau 3,Créer des symphonies originales
Université de Lille,Master Bio-informatique,Analyser les séquences génétiques,Niveau 1,Utiliser les outils de modélisation biomoléculaire
Université de Strasbourg,Licence Philosophie,Étudier les grands courants de pensée,Niveau 2,Produire des dissertations critiques argumentées
Université de Montpellier,Master Robotique Avancée,Programmer des robots autonomes,Niveau 3,Intégrer la vision par ordinateur et l IA
Université de Rennes,Licence Informatique,Apprendre la programmation orientée objet,Niveau 1,Développer des applications Java simples
Université de Bordeaux,Master Droit Maritime,Interpréter la législation maritime,Niveau 2,Rédiger des contrats de transport international
Université de Nantes,Licence Sciences de la Vie,Étudier la physiologie cellulaire,Niveau 3,Mettre en œuvre des protocoles expérimentaux
Université d Angers,Master Ergonomie,Analyser les postes de travail,Niveau 1,Proposer des solutions d aménagement ergonomique
Université de Poitiers,Licence Économie Gestion,Étudier la microéconomie,Niveau 2,Modéliser les comportements de consommation
Université de Tours,Master Mathématiques Appliquées,Utiliser les équations différentielles,Niveau 3,Développer des modèles prédictifs
Université de Reims,Licence Lettres Modernes,Étudier les mouvements littéraires,Niveau 1,Rédiger des commentaires de texte approfondis
Université de Caen,Master Histoire Contemporaine,Analyser les révolutions politiques,Niveau 2,Constituer des dossiers documentaires thématiques
Université de Limoges,Licence Droit Public,Apprendre les bases du droit administratif,Niveau 3,Conduire des analyses juridiques détaillées
Université Clermont Auvergne,Master Informatique Industrielle,Programmer des automates,Niveau 1,Superviser des systèmes embarqués
Université de Lorraine,Licence Chimie,Maîtriser la stœchiométrie,Niveau 2,Effectuer des analyses chimiques en laboratoire
Université de Savoie,Master Tourisme Durable,Développer des circuits écologiques,Niveau 3,Concevoir des projets intégrant la biodiversité
Université de Corse,Licence Histoire de l Art,Analyser les œuvres picturales,Niveau 1,Établir des comparaisons stylistiques
Université d Évry,Master Big Data,Analyser les données massives,Niveau 2,Mettre en place des pipelines de traitement
Université Paris-Saclay,Licence Sciences Sociales,Étudier les comportements collectifs,Niveau 3,Élaborer des enquêtes quantitatives
Université Grenoble Alpes,Master Physique des Matériaux,Analyser les propriétés cristallines,Niveau 1,Développer des applications performantes
Université de Nice,Licence Psychologie Sociale,Étudier les relations interpersonnelles,Niveau 2,Mettre en place des expériences en laboratoire
Université de Pau,Master Génie Mécanique,Concevoir des prototypes,Niveau 3,Optimiser la performance des systèmes mécaniques
Université de Perpignan,Licence Sciences Politiques,Comprendre les institutions contemporaines,Niveau 1,Analyser les discours politiques
Université de Valenciennes,Master Énergie,Étudier les réseaux électriques,Niveau 2,Optimiser la gestion de l énergie
Université de Versailles,Licence Informatique,Concevoir des bases de données,Niveau 3,Optimiser les requêtes et modèles relationnels
Université de Cergy,Master Finance,Analyser les marchés financiers,Niveau 1,Appliquer les outils de gestion de portefeuille
Université de La Rochelle,Licence Biologie Marine,Étudier la faune littorale,Niveau 2,Mettre en place des suivis écologiques
Université de Polynésie Française,Master Sciences Sociales,Étudier les dynamiques culturelles,Niveau 3,Analyser les transformations sociétales
Université de Guyane,Licence Droit International,Étudier les conventions mondiales,Niveau 1,Connaître les juridictions internationales
Université de Nouvelle-Calédonie,Master Informatique,Concevoir des systèmes distribués,Niveau 2,Gérer la sécurité des réseaux
Université de Genève,Licence Psychologie Cognitive,Étudier les processus mentaux,Niveau 3,Mettre en place des expériences en neurosciences
Université de Lausanne,Master Biotechnologies,Développer des procédés innovants,Niveau 1,Conduire des expérimentations contrôlées
Université de Bruxelles,Licence Histoire,Analyser les dynasties européennes,Niveau 2,Exploiter les archives historiques
Université de Liège,Master Communication Digitale,Gérer l image d entreprise,Niveau 3,Développer des stratégies multicanales
Université de Neuchâtel,Licence Mathématiques Appliquées,Étudier les probabilités,Niveau 1,Résoudre des problèmes statistiques
Université de Fribourg,Master Philosophie,Étudier la pensée moderne,Niveau 2,Rédiger des analyses philosophiques approfondies
Université de Luxembourg,Licence Informatique,Apprendre les structures de données,Niveau 3,Concevoir des algorithmes efficaces
Université de Montréal,Master Droit Civil,Analyser les règles de responsabilité,Niveau 1,Étudier des cas concrets en droit civil
Université de Laval,Licence Sociologie,Étudier les comportements sociaux,Niveau 2,Conduire des enquêtes sur le terrain
Université d Ottawa,Master Ingénierie,Concevoir des prototypes techniques,Niveau 3,Optimiser les performances des systèmes
Université de Toronto,Licence Psychologie,Étudier la mémoire et l apprentissage,Niveau 1,Administrer des tests cognitifs
Université de Québec,Master Histoire,Étudier la colonisation,Niveau 2,Analyser les impacts culturels
Université McGill,Licence Physique,Étudier la mécanique quantique,Niveau 3,Appliquer l équation de Schrödinger
Université Harvard,Master Biologie,Analyser le génome humain,Niveau 1,Utiliser les techniques de séquençage
Université MIT,Licence Informatique,Apprendre les algorithmes,Niveau 2,Optimiser les calculs numériques
Université Stanford,Master Neurosciences,Étudier les synapses,Niveau 3,Concevoir des modèles de plasticité cérébrale
Université Berkeley,Licence Sociologie,Analyser les mouvements sociaux,Niveau 1,Conduire des enquêtes qualitatives
Université Yale,Master Mathématiques,Étudier l analyse fonctionnelle,Niveau 2,Démontrer des théorèmes complexes
Université Princeton,Licence Littérature,Analyser les œuvres classiques,Niveau 3,Produire des analyses comparatives
Université Columbia,Master Relations Internationales,Étudier les politiques étrangères,Niveau 1,Analyser les stratégies diplomatiques
Université Chicago,Licence Économie,Analyser les marchés mondiaux,Niveau 2,Construire des modèles économiques
Université Cambridge,Master Chimie Organique,Développer des réactions de synthèse,Niveau 3,Concevoir des molécules complexes
Université Oxford,Licence Informatique,Étudier les langages de programmation,Niveau 1,Programmer en Python et C++
Université Melbourne,Master Éducation,Développer des dispositifs pédagogiques,Niveau 2,Mettre en œuvre des approches innovantes
Université Sydney,Licence Biologie,Étudier l évolution,Niveau 3,Concevoir des schémas relationnels
Université Tokyo,Master Droit,Étudier le droit des affaires,Niveau 1,Rédiger des contrats commerciaux
Université Kyoto,Licence Informatique,Apprendre la programmation web,Niveau 2,Développer des sites dynamiques
Université Pékin,Master Génie Civil,Concevoir des structures,Niveau 3,Optimiser la résistance des matériaux
Université Tsinghua,Licence Physique,Étudier les champs électromagnétiques,Niveau 1,Appliquer les équations de Maxwell
Université Hong Kong,Master Communication,Étudier les médias,Niveau 2,Analyser les réseaux sociaux
Université Singapour,Licence Chimie,Apprendre les réactions chimiques,Niveau 3,Conduire des analyses spectroscopiques
Université Séoul,Master Informatique,Programmer des applications mobiles,Niveau 1,Utiliser des frameworks cross-platform
Université Delhi,Licence Droit,Étudier le droit constitutionnel,Niveau 2,Développer des applications Java simples
Université Le Caire,Master Archéologie,Étudier les vestiges antiques,Niveau 3,Analyser les sites archéologiques
Université Casablanca,Licence Économie,Analyser la stratégie d entreprise,Niveau 1,Mettre en place des business plans
Université Rabat,Master Gestion,Gérer des projets de développement,Niveau 2,Analyser l inflation et la croissance
Université Tunis,Licence Histoire,Étudier les empires antiques,Niveau 3,Constituer des dossiers thématiques
Université Alger,Master Informatique,Concevoir des logiciels,Niveau 1,Programmer en langage objet
Université Dakar,Licence Sciences Sociales,Étudier les dynamiques familiales,Niveau 2,Conduire des enquêtes qualitatives
Université Abidjan,Master Finance,Analyser les marchés financiers africains,Niveau 3,Élaborer des stratégies d investissement
Université Bamako,Licence Biologie,Étudier les écosystèmes,Niveau 1,Observer la biodiversité locale
Université Lomé,Master Santé Publique,Analyser les politiques de santé,Niveau 2,Évaluer l efficacité des programmes
Université Kinshasa,Licence Informatique,Apprendre les bases de la programmation,Niveau 3,Concevoir des systèmes d information
Université Addis-Abeba,Master Économie,Étudier le développement,Niveau 1,Analyser les indicateurs économiques
Université Johannesburg,Licence Droit,Étudier les systèmes juridiques,Niveau 2,Comparer les législations internationales
Université Sao Paulo,Master Sciences Politiques,Analyser la gouvernance,Niveau 3,Proposer des réformes sociales
Université Rio de Janeiro,Licence Biologie,Étudier la faune locale,Niveau 1,Observer les écosystèmes tropicaux
Université Buenos Aires,Master Communication,Analyser la communication publique,Niveau 2,Élaborer des stratégies de communication
Université Santiago du Chili,Licence Informatique,Étudier les bases de données,Niveau 3,Optimiser les systèmes relationnels
Université Mexico,Master Physique,Étudier les propriétés de la matière,Niveau 1,Appliquer les lois de la thermodynamique
Université Bogota,Licence Histoire,Étudier la colonisation,Niveau 2,Analyser les sources primaires
Université Lima,Master Droit International,Analyser les traités mondiaux,Niveau 3,Comparer les juridictions internationales
Université Caracas,Licence Mathématiques,Étudier l algèbre linéaire,Niveau 1,Résoudre des systèmes d équations
Université Quito,Master Environnement,Étudier la biodiversité,Niveau 2,Mettre en place des stratégies de préservation
Université Madrid,Licence Psychologie,Analyser le comportement humain,Niveau 3,Conduire des tests psychométriques
Université Barcelone,Master Histoire,Étudier la Renaissance,Niveau 1,Analyser les œuvres et sources
Université Séville,Licence Droit,Étudier le droit pénal,Niveau 2,Rédiger des cas pratiques
Université Rome,Master Philosophie,Étudier les penseurs antiques,Niveau 3,Produire des analyses critiques
Université Milan,Licence Sociologie,Étudier les structures sociales,Niveau 1,Conduire des enquêtes de terrain
Université Berlin,Master Informatique,Développer des logiciels,Niveau 2,Optimiser les architectures orientées services
Université Munich,Licence Chimie,Étudier les réactions organiques,Niveau 3,Synthétiser des molécules complexes
Université Hambourg,Master Économie,Analyser les marchés internationaux,Niveau 1,Élaborer des prévisions économiques
Université Vienne,Licence Philosophie,Étudier les courants modernes,Niveau 2,Rédiger des essais philosophiques
Université Prague,Master Histoire de l Art,Analyser les styles artistiques,Niveau 3,Comparer les écoles picturales
Université Varsovie,Licence Informatique,Étudier la programmation web,Niveau 1,Développer des sites interactifs
Université Budapest,Master Physique,Analyser les particules subatomiques,Niveau 2,Expérimenter en physique nucléaire
Université Athènes,Licence Archéologie,Étudier les sites antiques,Niveau 3,Conduire des fouilles archéologiques
Université Istanbul,Master Relations Internationales,Analyser les relations régionales,Niveau 1,Étudier les traités contemporains
Université Moscou,Licence Mathématiques,Étudier l analyse réelle,Niveau 2,Établir des démonstrations avancées
Université Saint-Pétersbourg,Master Biologie,Développer l intelligence artificielle embarquée,Niveau 3,Conduire des expérimentations en laboratoire
Université Oslo,Licence Économie,Étudier les systèmes financiers,Niveau 1,Analyser les flux de capitaux
Université Stockholm,Master Informatique,Étudier la cybersécurité,Niveau 2,Mettre en place des audits de sécurité
Université Helsinki,Licence Sciences Politiques,Étudier les institutions,Niveau 3,Comparer les systèmes démocratiques
Université Copenhague,Master Médecine,Étudier l anatomie humaine,Niveau 1,Appliquer les protocoles médicaux
Université Dublin,Licence Littérature,Étudier la poésie irlandaise,Niveau 2,Produire des analyses textuelles
Université Édimbourg,Master Physique,Étudier la mécanique quantique,Niveau 3,Réaliser des expériences en laboratoire
Université Glasgow,Licence Informatique,Étudier les algorithmes,Niveau 1,Développer des programmes efficaces
Université Cardiff,Master Chimie,Étudier les polymères,Niveau 2,Synthétiser de nouveaux matériaux
Université Birmingham,Licence Histoire,Étudier la révolution industrielle,Niveau 3,Analyser les sources historiques
Université Manchester,Master Mathématiques,Étudier les statistiques,Niveau 1,Appliquer les méthodes probabilistes
Université Leeds,Licence Psychologie,Analyser la personnalité,Niveau 2,Mettre en place des questionnaires validés
Université Bristol,Master Biologie,Étudier la biodiversité marine,Niveau 3,Élaborer des stratégies de protection
Université Liverpool,Licence Sociologie,Étudier les communautés,Niveau 1,Analyser les interactions sociales
Université Sheffield,Master Génie Civil,Étudier les infrastructures,Niveau 2,Optimiser la durabilité des constructions
Université Newcastle,Licence Informatique,Étudier les systèmes d exploitation,Niveau 3,Développer des noyaux allégés
Université Cambridge Anglia Ruskin,Master Éducation,Développer la pédagogie,Niveau 1,Développer des modèles d apprentissage profond
Université Oxford Brookes,Licence Économie,Analyser les marchés locaux,Niveau 2,Construire des modèles microéconomiques