Sorbonne University,Master's in Cybersecurity,Develop machine learning algorithms,Level 1,Design basic algorithms in supervised learning
University of Lyon,Master's in Psychology - Childhood Studies,Analyze developmental specificities,Level 2,Assess complex developmental disorders and delays
University Toulouse III - Paul Sabatier,Bachelor's in Cell Biology,Master basic biological concepts,Level 3,Integrate multiscale knowledge of living systems
University of Angers,Master's in Language Didactics (FLE),Design pedagogical sequences,Level 1,Plan a session with objectives and activities
University of Nantes,Master's in Human Resource Management,Develop a strategic HR vision,Level 2,Anticipate organizational changes
University Paris Descartes,Bachelor's in Cognitive Psychology,Conduct psychological experiments,Level 3,Develop new experimental paradigms
University of Bordeaux,Master's in Digital Marketing,Analyze digital consumer behavior,Level 1,Use basic web analytics tools
University of Lille,Technical Diploma in Electrical Engineering,Design electronic circuits,Level 2,Optimize performance and energy consumption
University of Strasbourg,Master's in International Law,Interpret international legal texts,Level 3,Resolve complex jurisdictional conflicts
École Normale Supérieure Paris,Agrégation in Mathematics,Prove advanced theorems,Level 1,Master classical proof techniques
Aix-Marseille University,Master's in Oceanography,Model marine ecosystems,Level 2,Integrate climate factors into models
University of Rennes,Bachelor's in Urban Sociology,Analyze urban social dynamics,Level 3,Propose innovative urban planning solutions
University of Montpellier,Master's in Biotechnology,Manipulate genetically modified organisms,Level 1,Apply biosafety protocols
University of Grenoble,Master's in Quantum Physics,Calculate wave functions,Level 2,Solve the Schrödinger equation in various potentials
Université Paris-Dauphine,Master's in Market Finance,Evaluate financial derivatives,Level 3,Create new pricing models
University of Nice,Bachelor's in Performing Arts,Direct theatrical productions,Level 1,Lead non-professional actors
University of Poitiers,Master's in Preventive Archaeology,Conduct archaeological excavations,Level 2,Coordinate a team of excavators
University of La Rochelle,Master's in Marine Sciences,Analyze ocean pollution,Level 3,Develop environmental indicators
University of Pau,Bachelor's in Applied Foreign Languages,Translate specialized technical texts,Level 1,Master basic sector-specific terminology
University of Perpignan,Master's in Renewable Energy,Size solar installations,Level 2,Optimize efficiency based on terrain constraints
University of Reims,Bachelor's in Contemporary History,Analyze primary historical sources,Level 3,Establish new historical timelines
University of Tours,Master's in Urban Planning,Design urban plans,Level 1,Comply with current urban planning regulations
Université d'Orléans,Technical Diploma in Computer Science,Develop web applications,Level 2,Integrate third-party APIs and databases
University of Maine,Master's in Musical Acoustics,Analyze the acoustic properties of instruments,Level 3,Design new acoustic instruments
University of Versailles Saint-Quentin,Bachelor's in Physical Geography,Map natural hazards,Level 1,Use geographic information systems
University of Évry,Master's in Economic Intelligence,Analyze competitive intelligence,Level 2,Summarize strategic information for the board
University of Cergy-Pontoise,Bachelor's in Economic Management,Model financial markets,Level 3,Forecast macroeconomic trends
Paris-Est Marne-la-Vallée University,Master's in Civil Engineering,Calculate structural resistance,Level 1,Apply calculation rules to materials
University of Paris 13,Master’s in Digital Communication,Develop web applications,Level 2,Develop a multichannel content strategy
University Paris 8,Bachelor's in Cinema and Audiovisual,Produce short films,Level 3,Innovate in cinematic writing
CNAM Paris,Master's in Computer Science - Artificial Intelligence,Audit system security,Level 1,Identify common technical vulnerabilities
University of Burgundy,Master's in Oenology,Analyze wine quality,Level 2,Optimize winemaking processes
University of Franche-Comté,Bachelor's in Mechanics,Design mechanical parts,Level 3,Innovate in composite materials
University of Savoie,Master's in Mountain Sports,Lead high-mountain activities,Level 1,Ensure safety of beginner participants
University Bretagne Sud,Master's in Cyber-Defense,Detect cyber intrusions,Level 2,Analyze logs and correlate events
INSA Lyon,Master's in Industrial Engineering,Optimize production chains,Level 3,Revolutionize processes with Industry 4.0
École Centrale Paris,Master's in Aeronautics,Calculate aircraft aerodynamics,Level 1,Apply simplified Navier-Stokes equations
Polytechnique,Master's in Plasma Physics,Model thermonuclear fusion,Level 2,Simulate magnetohydrodynamic instabilities
ENSAM,Master's in Industrial Robotics,Program robotic arms,Level 3,Develop embedded artificial intelligence
ESPCI Paris,Master's in Materials Chemistry,Synthesize nanomaterials,Level 1,Master bottom-up synthesis techniques
Mines Paris,Master's in Geostatistics,Model mineral deposits,Level 2,Estimate reserves using kriging
Supélec,Master's in Embedded Systems,Design integrated circuits,Level 3,Innovate in low-power electronics
ENSTA Paris,Master's in Naval Systems,Design military vessels,Level 1,Meet defense specifications
Télécom Paris,Master's in Telecom Networks,Size 5G networks,Level 2,Optimize coverage and capacity
École Polytechnique Féminine,Master's in Bio-Engineering,Design biocompatible prostheses,Level 3,Revolutionize brain-machine interfaces
ENSAE,Master's in Actuarial Science,Calculate insurance reserves,Level 1,Apply standard mortality tables
HEC Paris,Master's in Luxury Management,Analyze global luxury markets,Level 2,Develop premiumization strategies
ESSEC,Master's in Entrepreneurship,Raise investment funds,Level 3,Negotiate with venture capitalists
ESCP Business School,Master's in International Finance,Manage currency risks,Level 1,Use basic hedging instruments
EM Lyon,Master's in B2B Marketing,Develop industrial customer relations,Level 2,Negotiate complex framework contracts
EDHEC,Master's in Asset Management,Build diversified portfolios,Level 3,Create alternative investment strategies
Skema Business School,Master's in Supply Chain,Optimize international logistics,Level 1,Manage physical and documentary flows
Audencia,Master's in Corporate Social Responsibility,Integrate sustainability into strategy,Level 2,Measure environmental impact of activities
Neoma Business School,Master's in Business Analytics,Analyze massive customer data,Level 3,Predict behaviors through machine learning
TBS Toulouse Business School,Master's in Aeronautical Business,Negotiate with aircraft equipment suppliers,Level 1,Understand the specifics of the aeronautical sector
Rennes School of Business,Master’s in Computer Science - Artificial Intelligence,Assess the profitability of real estate projects,Level 2,Model cash flows over life cycles
Burgundy School of Business,Master's in Wine and Spirits,Develop premium wine brands,Level 3,Create new distribution concepts
La Rochelle Business School,Master's in International Trade,Negotiate internationally,Level 1,Master Incoterms and regulations
Catholic University of Lyon,Master's in Medical Ethics,Analyze bioethical dilemmas,Level 2,Advise hospital ethics committees
Catholic Institute of Paris,Master’s in Religious Heritage,Learn object-oriented programming,Level 3,Innovate in conservation techniques
Sorbonne Nouvelle University,Master's in Literary Translation,Translate contemporary poetry,Level 1,Respect metrics and sound patterns
Paris Nanterre University,Master's in Visual Anthropology,Produce ethnographic documentaries,Level 2,Capture oral rites and traditions
Sciences Po Paris,Master's in Public Affairs,Analyze public policies,Level 3,Propose institutional reforms
Sciences Po Lyon,Master’s in International Cooperation,Study monetary policies,Level 1,Comply with international donors procedures
Sciences Po Bordeaux,Master's in Journalism,Investigate on sensitive topics,Level 2,Cross-check sources and verify information
Sciences Po Lille,Master's in International Security,Analyze geopolitical conflicts,Level 3,Anticipate international crises
Sciences Po Rennes,Master's in Political Communication,Manage election campaigns,Level 1,Master basic communication techniques
Sciences Po Strasbourg,Master's in Franco-German Relations,Facilitate cross-border exchanges,Level 2,Negotiate bilateral cooperation agreements
Sciences Po Toulouse,Master’s in Territorial Planning,Audit system security,Level 3,Innovate in territorial governance
ENS Lyon,Master's in Comparative Literature,Analyze transcultural literary influences,Level 1,Identify intertextual references
ENS Cachan,Master's in Quantitative Economics,Model economic behavior,Level 2,Econometrically test theories
ENS Rennes,Master's in Theoretical Computer Science,Prove algorithmic complexity,Level 3,Establish new complexity bounds
ENS Paris-Saclay,Master's in Fluid Mechanics,Simulate turbulent flows,Level 1,Use standard CFD codes
École Polytechnique Lyon,Master's in Advanced Materials,Characterize mechanical properties,Level 2,Correlate microstructure and properties
ENSCM Montpellier,Master's in Process Engineering,Size chemical reactors,Level 3,Optimize processes via molecular modeling
ENSIACET Toulouse,Master's in Petrochemicals,Design refinery units,Level 1,Follow ATEX safety standards
ENSGTI Pau,Master's in Petroleum Engineering,Model hydrocarbon reservoirs,Level 2,Optimize enhanced recovery
ENSIC Nancy,Master's in Fine Chemistry,Develop sustainable synthesis pathways,Level 3,Innovate in asymmetric catalysis
ENSCP Paris,Master's in Molecular Chemistry,Elucidate structures via NMR,Level 1,Interpret 1D and 2D spectra
ENSCL Lille,Master's in Industrial Catalysis,Optimize catalytic processes,Level 2,Regenerate and recycle catalysts
ENSC Bordeaux,Master's in Cosmetic Formulation,Develop new beauty products,Level 3,Create innovative textures and sensations
ESTP Paris,Master's in BTP Innovation,Design bio-sourced buildings,Level 1,Use standard ecological materials
ENTPE Lyon,Master's in Sustainable Infrastructure,Evaluate environmental impact of projects,Level 2,Optimize life cycle assessment
ENSAM Cluny,Master's in Industrial Heritage,Restore historical machines,Level 3,Innovate in technical museography
ENSAM Metz,Master's in High-Speed Machining,Program CNC machining centers,Level 1,Master CAM and tool paths
ENSAM Bordeaux,Master’s in Automotive Aerodynamics,Develop web applications,Level 2,Reduce drag and improve efficiency
ENSAM Lille,Master's in Vibro-Acoustics,Reduce industrial noise nuisances,Level 3,Design innovative acoustic materials
University of Technology of Belfort-Montbéliard,Master's in Hydrogen Energy,Design fuel cells,Level 1,Assemble stacks and auxiliary systems
University of Technology of Compiègne,Master's in Biomechanics,Model human motion,Level 2,Simulate joint pathologies
University of Technology of Troyes,Master's in Materials and Mechanics,Test material fatigue,Level 3,Predict service lifespan
ISEN Brest,Master's in Marine Embedded Systems,Design naval electronics,Level 1,Comply with international maritime standards
ISEN Lille,Master's in Satellite Telecommunications,Calculate link budgets,Level 2,Optimize antennas and amplifiers
ISEN Toulon,Master's in Electronic Warfare,Design countermeasure systems,Level 3,Innovate in electromagnetic stealth
ESME Sudria,Master's in Industrial IoT,Connect industrial equipment,Level 1,Implement communication protocols
EPITA,Master's in Advanced Cybersecurity,Develop forensic tools,Level 2,Analyze malware and rootkits
EPITECH,Master's in Technological Innovation,Create disruptive tech startups,Level 3,Raise funds and grow the ecosystem
SUPINFO,Master's in Cloud Architecture,Migrate to cloud infrastructures,Level 1,Deploy applications on AWS/Azure
École 42,Master's in Blockchain Development,Create Ethereum smart contracts,Level 2,Optimize gas transaction costs
WebTech Institute,Master's in Data Science,Analyze unstructured data,Level 3,Innovate in big data architectures
HETIC,Master’s in UX/UI Design,Design intuitive user interfaces,Level 1,Program in Java and Python
Supinfocom Rubika,Master's in 3D Animation,Create cinematic visual effects,Level 2,Master advanced animation software
ENJMIN,Master's in Game Design,Design innovative game mechanics,Level 3,Revolutionize the gaming user experience
ESRA,Master’s in Audiovisual Production,Manage feature film shoots,Level 1,Integrate third-party APIs and databases
FEMIS,Master's in Film Directing,Direct professional actors,Level 2,Develop a personal artistic signature
École Louis-Lumière,Master's in Image and Sound,Master digital color grading,Level 3,Innovate in image technologies
CNSMD Lyon,Master's in Contemporary Music Composition,Compose for symphonic orchestra,Level 1,Master classical instrumental writing
CNSMD Paris,Master's in Conducting,Conduct repertoire works,Level 2,Develop technique and leadership
Conservatoire de Strasbourg,Master's in Digital Musicology,Analyze musical corpora with AI,Level 3,Develop new analytical tools
École du Louvre,Master's in Preventive Conservation,Diagnose the condition of artworks,Level 1,Apply conservation protocols
Institut National du Patrimoine,Master's in Painting Restoration,Clean and restore old paintings,Level 2,Select techniques based on condition assessment
Villa Arson Nice,Master's in Contemporary Art,Develop a unique artistic practice,Level 3,Exhibit in recognized institutions
ENSBA Paris,Master's in Painting,Experiment with mixed pictorial techniques,Level 1,Master traditional and contemporary media
ENSBA Lyon,Master's in Sculpture,Create monumental installations,Level 2,Integrate art into public spaces
ENSCI Les Ateliers,Master's in Industrial Design,Design sustainable everyday objects,Level 3,Revolutionize usage through eco-design
ENSAD Paris,Master's in Graphic Design,Create brand visual identities,Level 1,Master the full graphical chain
École Camondo,Master's in Spatial Design,Design commercial spaces,Level 2,Enhance customer experience through design
École Boulle,Master's in Applied Arts,Restore period furniture,Level 3,Innovate in craft techniques
ESAG Penninghen,Master's in Art Direction,Create advertising campaigns,Level 1,Adapt concepts across all formats
Strate École de Design,Master's in Transport Design,Design vehicles of the future,Level 2,Integrate multimodal user experience
ISD Rubika,Master's in Digital Design,Create immersive VR/AR experiences,Level 3,Pioneer gesture-based interfaces
École de Design Nantes Atlantique,Master's in Food Design,Design functional new foods,Level 1,Comply with food regulations
École Supérieure d Art et Design Orléans,Master's in Social Design,Design for vulnerable populations,Level 2,Co-create with target users
École Supérieure d Art Annecy Alpes,Master's in Animation,Produce auteur animated films,Level 3,Develop original animation techniques
ENSA Paris-Belleville,Master's in Sustainable Architecture,Design passive buildings,Level 1,Comply with RT2012 and future regulations
ENSA Versailles,Master’s in Architectural Heritage,Restore historical monuments,Level 2,Design basic algorithms in supervised learning
ENSA Lyon,Master's in Digital Architecture,Model complex projects in BIM,Level 3,Innovate in parametric design
ENSA Marseille,Master's in Mediterranean Urbanism,Plan cities in hot climates,Level 1,Adapt urbanism to climate constraints
ENSA Toulouse,Master’s in Airport Architecture,Design the terminals of the future,Level 2,Identify common technical vulnerabilities
ENSA Nantes,Master's in Urban Landscape,Design urban green spaces,Level 3,Revolutionize urban biodiversity
École Spéciale d Architecture,Master's in Interior Architecture,Design collaborative workspaces,Level 1,Apply ergonomics to open offices
École La Cambre Belgium,Master's in Documentary Photography,Create socially engaged reports,Level 2,Develop a personal photographic viewpoint
École Nationale de la Photo Arles,Master's in Digital Photography,Master advanced post-production,Level 3,Innovate in printing techniques
EFAP Paris,Master's in Corporate Communication,Manage crisis communication,Level 1,Apply crisis management protocols
CELSA Sorbonne,Master's in Political Communication,Analyze public opinion,Level 2,Model electoral behavior
ISCOM Paris,Master's in Digital Marketing,Optimize SEO/SEA strategies,Level 3,Anticipate algorithmic developments
SUP de COM,Master's in Public Relations,Organize large-scale events,Level 1,Coordinate suppliers and logistics
ESP École Supérieure de Publicité,Master's in Advertising Creation,Design cross-media campaigns,Level 2,Adapt messaging for multiple channels
ISCPA Institut Supérieur Communication,Master's in Radio Journalism,Host live broadcasts,Level 3,Innovate in radio formats
CFJ Centre de Formation des Journalistes,Master's in Digital Journalism,Produce multimedia content,Level 1,Master web publishing tools
École Supérieure de Journalisme Lille,Master's in International Journalism,Report on foreign conflicts,Level 2,Navigate access to sensitive areas
Institut Pratique du Journalisme,Master's in Magazine Journalism,Create in-depth themed reports,Level 3,Develop original editorial approaches
CUEJ Strasbourg,Master's in TV Journalism,Present television news,Level 1,Master diction and on-camera presence
IEJ Institut Européen de Journalisme,Master's in Sports Journalism,Comment sports events,Level 2,Develop in-depth technical expertise
ISCID-CO Dunkerque,Master's in Event Communication,Create memorable experiences,Level 3,Revolutionize experiential marketing
École Supérieure des Métiers de l Image,Master's in Cinema Special Effects,Create photorealistic digital creatures,Level 1,Master 3D modeling software
RUBIKA Supinfogame,Master's in Game Programming,Develop optimized game engines,Level 2,Program advanced graphical shaders
Supergame,Master's in Video Game Business,Monetize free-to-play games,Level 3,Innovate in gaming business models
ENJMIN Le Mans,Master's in Interactive Entertainment,Create transmedia experiences,Level 1,Adapt universes across platforms
École Georges Méliès,Master's in Animation Cinema,Lead animator teams,Level 2,Coordinate production pipelines
EMCA École des Métiers Cinéma Animation,Master's in Character Design,Design iconic characters,Level 3,Develop distinctive graphic styles
GOBELINS School of Image,Master's in Motion Graphic Design,Animate user interfaces,Level 1,Create smooth micro-interactions
École Supérieure Estienne,Master's in Graphic Arts,Master artisanal printing techniques,Level 2,Innovate in mediums and inks
École Duperré,Master's in Textile Design,Create high-tech smart fabrics,Level 3,Embed electronics into fibers
ENSAAMA Olivier de Serres,Master's in Product Design,Design durable connected objects,Level 1,Respect eco-design and ergonomics
École Nationale Supérieure de Création Industrielle,Master's in Innovation Design,Anticipate future uses,Level 2,Rapidly prototype design concepts
Institut Supérieur des Arts Appliqués,Master's in Scenography,Design immersive exhibitions,Level 3,Revolutionize interactive museography
École Bleue,Master's in Visual Communication,Create consistent identity systems,Level 1,Deploy a complete graphic chart
École Intuit Lab,Master's in UX/UI Design,Optimize mobile user experience,Level 2,Test and iterate interfaces
École de Condé,Master's in Illustration,Develop a personal visual style,Level 3,Position oneself in the illustration market
MJM Graphic Design,Master's in Web Design,Create responsive websites,Level 1,Master modern CSS frameworks
ECV School of Visual Communication,Master’s in Motion Design,Animate logos and visual identities,Level 2,Analyze logs and correlate events
École Supérieure de Design Troyes,Master's in Packaging,Design eco-friendly packaging,Level 3,Innovate in biodegradable materials
LISAA School of Design,Master's in Commercial Interior Architecture,Design experiential retail spaces,Level 1,Enhance customer journeys in-store
École Supérieure des Arts Appliqués Bourgogne,Master's in Contemporary Jewelry,Create 3D-printed jewelry,Level 2,Combine craft with digital tech
BJOP Jewelry School,Master's in High Jewelry,Set precious exceptional stones,Level 3,Master complex stone-setting techniques
Van Cleef & Arpels School,Master's in Applied Gemology,Expertise rare stones,Level 1,Identify treatments and synthetics
Institut National de Gemmologie,Master's in Gem Trade,Negotiate on international markets,Level 2,Assess geopolitical risks
Geneva School of Watchmaking,Master's in Watch Complications,Design complex mechanical movements,Level 3,Innovate in high-frequency escapements
CNAM School of Watchmaking,Master's in Antique Watch Restoration,Repair historic timepieces,Level 1,Recreate period-accurate components
Besançon Technical Watchmaking School,Master's in Smart Watchmaking,Integrate electronics into watches,Level 2,Optimize component autonomy
School of Jewelry Arts,Master's in Jewelry Design,Draw haute couture pieces,Level 3,Collaborate with fashion houses
Institut des Métiers d’Excellence LVMH,Master's in Luxury Leather Goods,Design iconic handbags,Level 1,Master pattern-making and leatherwork
École Supérieure des Arts Appliqués Duperré,Master's in Ethical Fashion,Design sustainable collections,Level 2,Source eco-responsible materials
ENSAD Paris Fashion Section,Master's in Haute Couture Styling,Present at Paris fashion shows,Level 3,Revolutionize dress codes
École de la Chambre Syndicale de la Couture,Master's in Draping,Create custom evening gowns,Level 1,Master mannequin-based draping
Studio Berçot,Master's in Contemporary Fashion Creation,Develop a personal stylistic identity,Level 2,Design market-ready collections
ESMOD Paris,Master's in Fashion Management,Launch niche fashion brands,Level 3,Develop selective distribution networks
IFM Institut Français de la Mode,Master's in Fashion Marketing,Analyze fashion consumption trends,Level 1,Decode weak market signals
École Supérieure des Arts de la Mode Rennes,Master's in Accessory Design,Design functional footwear and bags,Level 2,Blend functionality and aesthetics
École Duperré Paris,Master's in Textile Arts,Weave high-performance fabrics,Level 3,Innovate in fibers and structures
ENSAIT Roubaix,Master's in Textile Engineering,Develop aerospace-grade textiles,Level 1,Comply with aeronautics certifications
ITECH Lyon,Master's in Leather, Footwear and Leather Goods,Industrialize leather goods production,Level 2,Optimize tanning processes
Université Paris-Saclay,Master's in Artificial Intelligence,Apply supervised learning methods,Level 1,Program regression-based classifiers
Université Grenoble Alpes,Master's in Neuroscience,Understand neuronal mechanisms,Level 2,Develop experimental protocols in neurobiology
Université de Lille,Bachelor's in Computer Science,Manage relational databases,Level 3,Optimize complex SQL queries
Université de Strasbourg,Master's in Molecular Biology,Analyze genetic regulation mechanisms,Level 1,Use PCR and sequencing techniques
Université de Nantes,Master's in Project Management,Coordinate interdisciplinary projects,Level 2,Apply agile methods to real-world cases
Université de Bordeaux,Bachelor's in Chemistry,Master basic organic reactions,Level 3,Synthesize complex molecules in the lab
Université de Rennes 1,Master's in International Economics,Study global trade flows,Level 1,Interpret macroeconomic indicators
Université de Montpellier,Master's in Public Law,Analyze administrative legislation,Level 2,Write detailed legal memoranda
Université de Poitiers,Bachelor's in Art History,Study European artistic movements,Level 3,Develop detailed iconographic analyses
Université de Tours,Master's in Public Health,Evaluate health policies,Level 1,Interpret basic epidemiological statistics
Université de Caen,Master's in Political Science,Understand political institutions,Level 2,Compare contemporary democratic systems
Université de Lorraine,Bachelor's in Mathematics,Apply fundamental theorems,Level 3,Solve complex differential equations
Université d’Angers,Master's in Educational Sciences,Design educational systems,Level 1,Implement adapted didactic sequences
Université Clermont Auvergne,Master's in Geosciences,Analyze geological formations,Level 2,Model seismic risks
Université de Reims,Bachelor's in Physics,Describe fundamental laws of mechanics,Level 3,Study nonlinear dynamic systems
Université de Limoges,Master's in Business Intelligence,Leverage big data,Level 1,Build interactive dashboards
Université de Franche-Comté,Master's in European Law,Interpret EU treaties,Level 2,Analyze rulings from the Court of Justice
Université de Savoie,Bachelor's in Social Sciences,Study collective behaviors,Level 3,Develop advanced sociological surveys
Université de Corse,Master's in Sustainable Energies,Develop photovoltaic systems,Level 1,Size solar installations
Université d’Évry,Master's in Robotics,Program autonomous systems,Level 2,Optimize navigation algorithms
Université Paris 1 Panthéon-Sorbonne,Master's in Medieval History,Analyze manuscript sources,Level 3,Create critical editions of ancient texts
University of Paris 2 Panthéon-Assas,Master’s in Computer Science - Artificial Intelligence,Study criminal liability,Level 1,Write legal case analyses
Université Paris 3 Sorbonne Nouvelle,Bachelor's in Modern Literature,Analyze literary texts,Level 2,Write structured text commentaries
University of Paris 4 Sorbonne,Master’s in Political Philosophy,Study modern doctrines,Level 3,Program in Java and Python
University of Paris 5 Descartes,Master’s in Clinical Psychology,Observe pathological behaviors,Level 1,Deploy services on the cloud
Université Paris 6 Pierre et Marie Curie,Bachelor's in Physics and Chemistry,Study matter and its interactions,Level 2,Apply laws of thermodynamics
Université Paris 7 Diderot,Master's in Comparative Literature,Compare literary traditions,Level 3,Analyze correspondences between authors
Université Paris 10 Nanterre,Bachelor's in Private Law,Understand civil law fundamentals,Level 1,Apply the civil code to real-life cases
Université Paris 11 Orsay,Master's in Pure Mathematics,Study algebraic structures,Level 2,Prove topological theorems
Université Paris 12 Créteil,Bachelor's in Management,Master accounting principles,Level 3,Produce consolidated financial statements
Université Paris 13 Villetaneuse,Master's in Communication,Analyze digital media,Level 1,Develop a social media strategy
Université Paris Dauphine,Master's in Management,Coordinate multidisciplinary teams,Level 2,Implement an organizational strategy
Université de Nice,Bachelor's in Marine Biology,Study marine biodiversity,Level 3,Evaluate pollution impact on ecosystems
Université de Pau,Master's in Organic Chemistry,Design synthesis reactions,Level 1,Use NMR spectra to identify molecules
Université de Perpignan,Bachelor's in Computer Science,Program in C language,Level 2,Develop high-performance applications
Université de Valenciennes,Master's in Transport and Logistics,Optimize goods flow,Level 3,Develop supply chain strategies
Université de Versailles,Bachelor's in Earth Sciences,Describe geological processes,Level 1,Identify rocks and minerals
Université de Cergy,Master's in Software Engineering,Develop complex systems,Level 2,Implement microservice architectures
Université de La Rochelle,Bachelor's in Public Law,Analyze administrative institutions,Level 3,Evaluate the impact of legal reforms
Université de Polynésie Française,Master's in Sustainable Tourism,Promote responsible tourism,Level 1,Design eco-tourism circuits
Université de Guyane,Bachelor's in Sociology,Understand local social dynamics,Level 2,Analyze intercultural relationships
Université de Nouvelle-Calédonie,Master's in Environment,Study island ecosystems,Level 3,Develop conservation strategies
Université de Genève,Master's in International Relations,Study contemporary diplomacy,Level 1,Analyze multilateral negotiations
Université de Lausanne,Bachelor's in History,Analyze Antiquity periods,Level 2,Interpret archaeological sources
Université de Bruxelles,Master's in Political Science,Study electoral systems,Level 3,Build election forecasting models
Université de Liège,Bachelor's in Biotechnology,Study microorganisms,Level 1,Use bacterial culture techniques
Université de Neuchâtel,Master's in International Law,Analyze global treaties,Level 2,Compare international jurisdictions
Université de Fribourg,Bachelor's in Psychology,Study cognitive mechanisms,Level 3,Run memory experiments
Université de Luxembourg,Master's in Computer Science,Design distributed systems,Level 1,Deploy services on the cloud
Université de Montréal,Bachelor's in Economics,Analyze economic policies,Level 2,Assess budgetary impacts
Université de Laval,Master's in Education,Design educational systems,Level 3,Develop digital training programs
Université d’Ottawa,Bachelor's in Civil Engineering,Study material resistance,Level 1,Apply construction standards
University of Toronto,Master’s in Cognitive Sciences,Analyze big data,Level 2,Set up cognitive experiments
Université du Québec,Bachelor's in Communication,Analyze mass media,Level 3,Produce innovative audiovisual content
Université McGill,Master's in Medicine,Study organic systems,Level 1,Apply anatomy techniques
Université Harvard,Master's in Business Administration,Analyze business strategy,Level 2,Develop complex business plans
Université MIT,Bachelor's in Engineering,Master electronics fundamentals,Level 3,Design advanced integrated circuits
Stanford University,Master’s in Data Science,Study mental processes,Level 1,Apply classification algorithms
Université Berkeley,Bachelor's in Ecology,Study forest ecosystems,Level 2,Model population dynamics
Université Yale,Master's in Law,Study comparative legal systems,Level 3,Defend international legal cases
Université Princeton,Bachelor's in Philosophy,Study fundamental concepts,Level 1,Write argumentative essays
Université Columbia,Master's in Journalism,Analyze media practices,Level 2,Produce multimedia reports
Université de Chicago,Bachelor's in Sociology,Study urban dynamics,Level 3,Conduct fieldwork studies
Université de Cambridge,Master's in Art History,Analyze pictorial works,Level 1,Describe styles and influences
Université d’Oxford,Bachelor's in English Literature,Study classic authors,Level 2,Compare literary movements
Université de Melbourne,Master's in Biomedical Engineering,Design medical devices,Level 3,Innovate in smart prosthetics
Université de Sydney,Bachelor's in Physics,Study fundamental laws,Level 1,Apply classical mechanics
University of Tokyo,Master’s in Artificial Intelligence,Develop machine learning algorithms,Level 2,Develop deep learning models
Université de Kyoto,Bachelor's in Biology,Study animal genetics,Level 3,Experiment with model organisms
Université de Pékin,Master's in Renewable Energies,Develop solar technologies,Level 1,Install photovoltaic panels
Université Tsinghua,Bachelor's in Chemistry,Study chemical reactions,Level 2,Analyze reaction kinetics
Université de Hong Kong,Master's in Commercial Law,Study trade regulations,Level 3,Draft international contracts
Université de Singapour,Bachelor's in Computer Science,Program algorithms,Level 1,Develop mobile applications
Université de Séoul,Master's in Automotive Engineering,Design hybrid engines,Level 2,Optimize energy consumption
Université de Delhi,Bachelor's in Mathematics,Study algebraic equations,Level 3,Apply advanced theorems
Université du Caire,Master's in Archaeology,Study ancient civilizations,Level 1,Analyze hieroglyphs
Université de Casablanca,Bachelor's in Management,Understand accounting,Level 2,Prepare forecasted balance sheets
Université de Rabat,Master's in Political Science,Analyze African institutions,Level 3,Propose institutional reforms
Université de Tunis,Bachelor's in Law,Study constitutional law,Level 1,Write legal case studies
Université d'Alger,Master's in Economics,Analyze local markets,Level 2,Assess monetary policies
Université de Dakar,Bachelor's in Biology,Study African fauna,Level 3,Develop preservation programs
Université d'Abidjan,Master's in Communication,Study public communication,Level 1,Organize awareness campaigns
Université de Bamako,Bachelor's in Computer Science,Learn web programming,Level 2,Develop dynamic websites
Université de Lomé,Master's in International Law,Analyze African conventions,Level 3,Defend cases before regional courts
Université de Kinshasa,Bachelor's in Physics,Study electricity and magnetism,Level 1,Apply electromagnetism laws
Université d'Addis-Abeba,Master's in Public Health,Study health systems,Level 2,Develop prevention policies
Université de Johannesburg,Bachelor's in Chemistry,Study inorganic chemistry,Level 3,Develop new alloys
University of Sao Paulo,Master’s in Architecture,Study algorithms,Level 1,Apply environmental standards
Université de Rio de Janeiro,Bachelor's in Geography,Study Brazilian landscapes,Level 2,Analyze urban dynamics
Université de Buenos Aires,Master's in Sociology,Study social inequalities,Level 3,Propose social reforms
Université de Santiago du Chili,Bachelor's in History,Study South American revolutions,Level 1,Analyze national archives
Université de Mexico,Master's in Civil Engineering,Design bridges and roads,Level 2,Optimize material resistance
Université de Bogota,Bachelor's in Literature,Study Hispanic poetry,Level 3,Compare Latin American authors
Université de Lima,Master's in Tropical Medicine,Study endemic diseases,Level 1,Apply preventive treatments
Université de Caracas,Bachelor's in Criminal Law,Study crime patterns,Level 2,Analyze justice systems
Université de Quito,Master's in Tropical Biology,Study Amazonian ecosystems,Level 3,Develop conservation programs
Université de Madrid,Bachelor's in Computer Science,Study algorithms,Level 1,Program in Java and Python
Université de Barcelone,Master's in Marketing,Analyze consumer behavior,Level 2,Develop marketing strategies
Université de Séville,Bachelor's in Music,Study music theory,Level 3,Compose original works
Université de Rome,Master's in European Law,Analyze EU institutions,Level 1,Draft legal dossiers
Université de Milan,Bachelor's in Design,Study visual design,Level 2,Create graphic communication projects
Université de Berlin,Master's in Physics,Study elementary particles,Level 3,Conduct accelerator experiments
Université de Munich,Bachelor's in Computer Science,Study databases,Level 1,Design relational schemas
Université de Hambourg,Master's in Psychology,Study human behavior,Level 2,Implement cognitive therapy methods
Université de Vienne,Bachelor's in History,Study the modern period,Level 3,Analyze European archives
Université de Prague,Master's in Engineering,Study applied mechanics,Level 1,Apply Newton’s laws
Université de Varsovie,Bachelor's in Economics,Study financial markets,Level 2,Forecast market developments
Université de Budapest,Master's in Music,Study composition,Level 3,Create original symphonies
Université de Lille,Master's in Bioinformatics,Analyze genetic sequences,Level 1,Use biomolecular modeling tools
Université de Strasbourg,Bachelor's in Philosophy,Study major schools of thought,Level 2,Write structured philosophical essays
Université de Montpellier,Master's in Advanced Robotics,Program autonomous robots,Level 3,Integrate computer vision and AI
Université de Rennes,Bachelor's in Computer Science,Learn object-oriented programming,Level 1,Develop basic Java applications
Université de Bordeaux,Master's in Maritime Law,Interpret maritime legislation,Level 2,Draft international shipping contracts
Université de Nantes,Bachelor's in Life Sciences,Study cell physiology,Level 3,Implement experimental protocols
Université d'Angers,Master's in Ergonomics,Analyze workstations,Level 1,Propose ergonomic layout solutions
Université de Poitiers,Bachelor's in Economics and Management,Study microeconomics,Level 2,Model consumer behavior
Université de Tours,Master's in Applied Mathematics,Use differential equations,Level 3,Develop predictive models
Université de Reims,Bachelor's in Modern Literature,Study literary movements,Level 1,Write detailed text commentaries
Université de Caen,Master's in Contemporary History,Analyze political revolutions,Level 2,Assemble thematic documentary files
Université de Limoges,Bachelor's in Public Law,Learn administrative law basics,Level 3,Conduct detailed legal analyses
Université Clermont Auvergne,Master's in Industrial Computing,Program automated systems,Level 1,Monitor embedded systems
Université de Lorraine,Bachelor's in Chemistry,Master stoichiometry,Level 2,Perform laboratory chemical analyses
Université de Savoie,Master's in Sustainable Tourism,Develop ecological circuits,Level 3,Design biodiversity-integrated projects
Université de Corse,Bachelor's in Art History,Analyze pictorial works,Level 1,Establish stylistic comparisons
Université d’Évry,Master's in Big Data,Analyze massive datasets,Level 2,Set up data processing pipelines
Université Paris-Saclay,Bachelor's in Social Sciences,Study collective behaviors,Level 3,Design quantitative surveys
Université Grenoble Alpes,Master's in Material Physics,Analyze crystalline properties,Level 1,Use X-ray diffraction
Université de Nice,Bachelor's in Social Psychology,Study interpersonal relationships,Level 2,Set up lab-based experiments
Université de Pau,Master's in Mechanical Engineering,Design prototypes,Level 3,Optimize mechanical system performance
Université de Perpignan,Bachelor's in Political Science,Understand contemporary institutions,Level 1,Analyze political speeches
Université de Valenciennes,Master's in Energy Systems,Study electrical networks,Level 2,Optimize energy management
Université de Versailles,Bachelor's in Computer Science,Design databases,Level 3,Optimize queries and data models
Université de Cergy,Master's in Finance,Analyze financial markets,Level 1,Use portfolio management tools
Université de La Rochelle,Bachelor's in Marine Biology,Study coastal fauna,Level 2,Implement ecological monitoring
Université de Polynésie Française,Master's in Social Sciences,Study cultural dynamics,Level 3,Analyze societal transformations
Université de Guyane,Bachelor's in International Law,Study global conventions,Level 1,Understand international jurisdictions
Université de Nouvelle-Calédonie,Master's in Computer Science,Design distributed systems,Level 2,Manage network security
Université de Genève,Bachelor's in Cognitive Psychology,Study mental processes,Level 3,Conduct neuroscience experiments
Université de Lausanne,Master's in Biotechnology,Develop innovative processes,Level 1,Carry out controlled experiments
Université de Bruxelles,Bachelor's in History,Analyze European dynasties,Level 2,Use historical archives
Université de Liège,Master's in Digital Communication,Manage corporate image,Level 3,Develop multichannel strategies
Université de Neuchâtel,Bachelor's in Applied Mathematics,Study probability theory,Level 1,Solve statistical problems
Université de Fribourg,Master's in Philosophy,Study modern thought,Level 2,Write advanced philosophical analyses
Université de Luxembourg,Bachelor's in Computer Science,Learn data structures,Level 3,Design efficient algorithms
Université de Montréal,Master's in Civil Law,Analyze liability standards,Level 1,Study real-life civil cases
Université de Laval,Bachelor's in Sociology,Study social behaviors,Level 2,Conduct field surveys
Université d’Ottawa,Master's in Engineering,Design technical prototypes,Level 3,Optimize system performance
Université de Toronto,Bachelor's in Psychology,Study memory and learning,Level 1,Administer cognitive assessments
Université du Québec,Master's in History,Study colonization,Level 2,Analyze cultural impacts
Université McGill,Bachelor's in Physics,Study quantum mechanics,Level 3,Apply Schrödinger's equation
Université Harvard,Master's in Biology,Analyze the human genome,Level 1,Use sequencing techniques
Université MIT,Bachelor's in Computer Science,Learn algorithms,Level 2,Optimize numerical calculations
Université Stanford,Master's in Neuroscience,Study synapses,Level 3,Build models of brain plasticity
Université Berkeley,Bachelor's in Sociology,Analyze social movements,Level 1,Conduct qualitative investigations
Université Yale,Master's in Mathematics,Study functional analysis,Level 2,Prove complex theorems
Université Princeton,Bachelor's in Literature,Analyze classical works,Level 3,Write comparative literary analyses
Université Columbia,Master's in International Relations,Study foreign policies,Level 1,Analyze diplomatic strategies
Université de Chicago,Bachelor's in Economics,Analyze global markets,Level 2,Build economic models
Université de Cambridge,Master's in Organic Chemistry,Develop synthesis reactions,Level 3,Design complex molecules
Université d’Oxford,Bachelor's in Computer Science,Study programming languages,Level 1,Program in Python and C++
Université de Melbourne,Master's in Education,Develop educational systems,Level 2,Implement innovative teaching methods
Université de Sydney,Bachelor's in Biology,Study evolution,Level 3,Analyze fossils and genomes
Université de Tokyo,Master's in Law,Study business law,Level 1,Draft commercial contracts
Université de Kyoto,Bachelor's in Computer Science,Learn web development,Level 2,Build dynamic websites
Université de Pékin,Master's in Civil Engineering,Design structures,Level 3,Optimize physical strength
Université Tsinghua,Bachelor's in Physics,Study electromagnetic fields,Level 1,Apply Maxwell’s equations
Université de Hong Kong,Master's in Communication,Study media systems,Level 2,Analyze social networks
Université de Singapour,Bachelor's in Chemistry,Learn chemical reactions,Level 3,Perform spectroscopic analyses
Université de Séoul,Master's in Computer Science,Program mobile applications,Level 1,Use cross-platform frameworks
Université de Delhi,Bachelor's in Law,Study constitutional law,Level 2,Write case studies
Université du Caire,Master's in Archaeology,Study ancient remains,Level 3,Analyze archaeological sites
Université de Casablanca,Bachelor's in Economics,Study monetary policies,Level 1,Analyze inflation and growth
Université de Rabat,Master's in Management,Analyze business strategies,Level 2,Implement business plans
Université de Tunis,Bachelor's in History,Study ancient empires,Level 3,Build thematic dossiers
Université d'Alger,Master's in Computer Science,Design software,Level 1,Program using object-oriented languages
Université de Dakar,Bachelor's in Social Sciences,Study family dynamics,Level 2,Conduct qualitative surveys
Université d'Abidjan,Master's in Finance,Analyze African financial markets,Level 3,Develop investment strategies
Université de Bamako,Bachelor's in Biology,Study ecosystems,Level 1,Observe local biodiversity
Université de Lomé,Master's in Public Health,Analyze health policies,Level 2,Assess program effectiveness
Université de Kinshasa,Bachelor's in Computer Science,Learn programming basics,Level 3,Design information systems
Université d’Addis-Abeba,Master's in Economics,Study development issues,Level 1,Analyze economic indicators
Université de Johannesburg,Bachelor's in Law,Study legal systems,Level 2,Compare international legislation
Université de São Paulo,Master's in Political Science,Study governance,Level 3,Propose social reforms
Université de Rio de Janeiro,Bachelor's in Biology,Study local fauna,Level 1,Observe tropical ecosystems
Université de Buenos Aires,Master's in Communication,Analyze public communication,Level 2,Create communication strategies
Université de Santiago du Chili,Bachelor's in Computer Science,Study database concepts,Level 3,Optimize relational systems
Université de Mexico,Master's in Physics,Study material properties,Level 1,Apply thermodynamic laws
Université de Bogota,Bachelor's in History,Study colonial history,Level 2,Analyze primary sources
Université de Lima,Master's in International Law,Analyze global treaties,Level 3,Compare international jurisdictions
Université de Caracas,Bachelor's in Mathematics,Study linear algebra,Level 1,Solve systems of equations
Université de Quito,Master's in Environment,Study biodiversity,Level 2,Implement preservation strategies
Université de Madrid,Bachelor's in Psychology,Analyze human behavior,Level 3,Conduct psychometric testing
Université de Barcelone,Master's in History,Study the Renaissance,Level 1,Analyze artworks and primary sources
Université de Séville,Bachelor's in Law,Study criminal law,Level 2,Write case examples
Université de Rome,Master's in Philosophy,Study ancient philosophers,Level 3,Write critical analyses
Université de Milan,Bachelor's in Sociology,Study social structures,Level 1,Conduct field surveys
Université de Berlin,Master's in Computer Science,Develop software,Level 2,Optimize service-oriented architectures
Université de Munich,Bachelor's in Chemistry,Study organic reactions,Level 3,Synthesize complex molecules
Université de Hambourg,Master's in Economics,Analyze international markets,Level 1,Develop economic forecasts
Université de Vienne,Bachelor's in Philosophy,Study modern currents,Level 2,Write philosophical essays
Université de Prague,Master's in Art History,Analyze artistic styles,Level 3,Compare painting schools
Université de Varsovie,Bachelor's in Computer Science,Study web programming,Level 1,Build interactive websites
Université de Budapest,Master's in Physics,Analyze subatomic particles,Level 2,Experiment in nuclear physics
Université d’Athènes,Bachelor's in Archaeology,Study ancient sites,Level 3,Conduct archaeological digs
Université d’Istanbul,Master's in International Relations,Analyze regional geopolitical relations,Level 1,Study modern treaties
Université de Moscou,Bachelor's in Mathematics,Study real analysis,Level 2,Prove advanced theorems
Université de Saint-Pétersbourg,Master's in Biology,Study genetics,Level 3,Conduct lab experiments
Université d’Oslo,Bachelor's in Economics,Study financial systems,Level 1,Analyze capital flows
Université de Stockholm,Master's in Computer Science,Study cybersecurity,Level 2,Conduct security audits
Université d’Helsinki,Bachelor's in Political Science,Study institutions,Level 3,Compare democratic systems
Université de Copenhague,Master's in Medicine,Study human anatomy,Level 1,Apply medical procedures
Université de Dublin,Bachelor's in Literature,Study Irish poetry,Level 2,Write textual analyses
Université d’Édimbourg,Master's in Physics,Study quantum mechanics,Level 3,Conduct lab experiments
Université de Glasgow,Bachelor's in Computer Science,Study algorithms,Level 1,Develop efficient programs
Université de Cardiff,Master's in Chemistry,Study polymers,Level 2,Synthesize new materials
Université de Birmingham,Bachelor's in History,Study the industrial revolution,Level 3,Analyze historical sources
Université de Manchester,Master's in Mathematics,Study statistics,Level 1,Apply probabilistic methods
Université de Leeds,Bachelor's in Psychology,Analyze personality,Level 2,Develop validated questionnaires
Université de Bristol,Master's in Biology,Study marine biodiversity,Level 3,Develop protection strategies
Université de Liverpool,Bachelor's in Sociology,Study communities,Level 1,Analyze social interactions
Université de Sheffield,Master's in Civil Engineering,Study infrastructures,Level 2,Optimize construction sustainability
Université de Newcastle,Bachelor's in Computer Science,Study operating systems,Level 3,Build lightweight kernels
Université Anglia Ruskin Cambridge,Master's in Education,Develop pedagogy,Level 1,Implement active learning methods
Université Oxford Brookes,Bachelor's in Economics,Analyze local markets,Level 2,Build microeconomic models