Universidad de la Sorbona,Maestría en Informática - Inteligencia Artificial,Desarrollar algoritmos de aprendizaje automático,Nivel 1,Diseñar algoritmos básicos en aprendizaje supervisado
Universidad de Lyon,Maestría en Psicología - Estudios sobre la infancia,Analizar las especificidades del desarrollo,Nivel 2,Evaluar trastornos y retrasos complejos del desarrollo
Universidad de Toulouse III - Paul Sabatier,Licenciatura en Biología Celular,Dominar conceptos biológicos fundamentales,Nivel 3,Integrar conocimientos multiescalares sobre organismos vivos
Universidad de Angers,Maestría en Didáctica de Lenguas FLE,Concebir secuencias pedagógicas,Nivel 1,Planificar una clase con objetivos y actividades
Universidad de Nantes,Maestría en Gestión de Recursos Humanos,Elaborar una visión estratégica de RRHH,Nivel 2,Anticipar transformaciones organizativas
Universidad París Descartes,Licenciatura en Psicología Cognitiva,Realizar experimentos psicológicos,Nivel 3,Desarrollar nuevos paradigmas experimentales
Universidad de Burdeos,Maestría en Marketing Digital,Analizar el comportamiento del consumidor digital,Nivel 1,Utilizar herramientas básicas de análisis web
Universidad de Lille,DUT en Ingeniería Eléctrica,Diseñar circuitos electrónicos,Nivel 2,Optimizar el rendimiento y el consumo energético
Universidad de Estrasburgo,Maestría en Derecho Internacional,Interpretar textos jurídicos internacionales,Nivel 3,Resolver conflictos de jurisdicción complejos
Escuela Normal Superior de París,Agrégation en Matemáticas,Demostrar teoremas avanzados,Nivel 1,Dominar técnicas clásicas de demostración
Universidad Aix-Marseille,Maestría en Oceanografía,Modelar ecosistemas marinos,Nivel 2,Integrar factores climáticos en modelos
Universidad de Rennes,Licenciatura en Sociología Urbana,Analizar dinámicas sociales urbanas,Nivel 3,Proponer soluciones urbanísticas innovadoras
Universidad de Montpellier,Maestría en Biotecnologías,Manipular organismos genéticamente modificados,Nivel 1,Aplicar protocolos de seguridad biológica
Universidad de Grenoble,Maestría en Física Cuántica,Calcular funciones de onda,Nivel 2,Resolver la ecuación de Schrödinger en diferentes potenciales
Universidad París-Dauphine,Maestría en Finanzas de Mercado,Evaluar instrumentos financieros derivados,Nivel 3,Crear nuevos modelos de valoración
Universidad de Niza,Licenciatura en Artes del Espectáculo,Poner en escena obras teatrales,Nivel 1,Dirigir actores no profesionales
Universidad de Poitiers,Maestría en Arqueología Preventiva,Realizar excavaciones arqueológicas,Nivel 2,Coordinar un equipo de excavadores
Universidad de La Rochelle,Maestría en Ciencias Marinas,Analizar la contaminación oceánica,Nivel 3,Desarrollar indicadores medioambientales
Universidad de Pau,Licenciatura en Lenguas Extranjeras Aplicadas,Traducir textos técnicos especializados,Nivel 1,Dominar terminología sectorial básica
Universidad de Perpiñán,Maestría en Energías Renovables,Dimensionar instalaciones solares,Nivel 2,Optimizar el rendimiento según las condiciones del terreno
Universidad de Reims,Licenciatura en Historia Contemporánea,Analizar fuentes históricas primarias,Nivel 3,Establecer cronologías históricas nuevas
Universidad de Tours,Maestría en Urbanismo,Diseñar planes de urbanismo,Nivel 1,Respetar regulaciones urbanísticas vigentes
Universidad de Orleans,DUT en Informática,Desarrollar aplicaciones web,Nivel 2,Integrar APIs externas y bases de datos
Universidad del Maine,Maestría en Acústica Musical,Analizar propiedades acústicas de instrumentos,Nivel 3,Diseñar nuevos instrumentos acústicos
Universidad de Versalles Saint-Quentin,Licenciatura en Geografía Física,Cartografiar riesgos naturales,Nivel 1,Utilizar sistemas de información geográfica
Universidad de Évry,Maestría en Inteligencia Económica,Analizar vigilancia competitiva,Nivel 2,Sintetizar información estratégica para la dirección
Universidad de Cergy-Pontoise,Licenciatura en Economía y Gestión,Modelar mercados financieros,Nivel 3,Predecir tendencias macroeconómicas
Universidad París-Est Marne-la-Vallée,Maestría en Ingeniería Civil,Calcular resistencia estructural,Nivel 1,Aplicar normas de cálculo a materiales
Universidad París 13,Maestría en Comunicación Digital,Gestionar redes sociales corporativas,Nivel 2,Desarrollar estrategias de contenido multicanal
Universidad París 8,Licenciatura en Cine y Audiovisuales,Realizar cortometrajes,Nivel 3,Innovar en escritura cinematográfica
CNAM París,Maestría en Ciberseguridad,Auditar la seguridad de los sistemas,Nivel 1,Identificar vulnerabilidades técnicas comunes
Universidad de Borgoña,Maestría en Enología,Analizar la calidad de los vinos,Nivel 2,Optimizar los procesos de vinificación
Universidad de Franco-Condado,Licenciatura en Mecánica,Diseñar piezas mecánicas,Nivel 3,Innovar en materiales compuestos
Universidad de Saboya,Maestría en Deportes de Montaña,Supervisar actividades en alta montaña,Nivel 1,Velar por la seguridad de los principiantes
Universidad de Bretaña Sur,Maestría en Ciberdefensa,Detectar intrusiones informáticas,Nivel 2,Analizar registros y correlacionar eventos
INSA Lyon,Maestría en Ingeniería Industrial,Optimizar las cadenas de producción,Nivel 3,Revolucionar los procesos con la Industria 4.0
École Centrale Paris,Maestría en Aeronáutica,Calcular la aerodinámica de aeronaves,Nivel 1,Aplicar las ecuaciones simplificadas de Navier-Stokes
Escuela Politécnica (Polytechnique),Maestría en Física de Plasmas,Modelar la fusión termonuclear,Nivel 2,Simular inestabilidades magnetohidrodinámicas
ENSAM,Maestría en Robótica Industrial,Programar brazos robóticos,Nivel 3,Desarrollar inteligencia artificial integrada
ESPCI Paris,Maestría en Química de Materiales,Sintetizar nanomateriales,Nivel 1,Dominar técnicas de síntesis bottom-up
Escuela de Minas de París,Maestría en Geoestadística,Modelar yacimientos mineros,Nivel 2,Estimar reservas con kriging
Supélec,Maestría en Sistemas Embebidos,Diseñar circuitos integrados,Nivel 3,Innovar en electrónica de bajo consumo
ENSTA Paris,Maestría en Sistemas Navales,Diseñar naves militares,Nivel 1,Cumplir con los requisitos de defensa
Télécom Paris,Maestría en Redes de Telecomunicaciones,Dimensionar redes 5G,Nivel 2,Optimizar cobertura y capacidad
Escuela Politécnica Femenina,Maestría en Bioingeniería,Diseñar prótesis biocompatibles,Nivel 3,Revolucionar las interfaces cerebro-máquina
ENSAE,Maestría en Actuaría,Calcular provisiones de seguros,Nivel 1,Aplicar tablas estándar de mortalidad
HEC París,Maestría en Gestión del Lujo,Analizar mercados del lujo mundial,Nivel 2,Desarrollar estrategias de premiumización
ESSEC,Maestría en Emprendimiento,Levantar fondos de inversión,Nivel 3,Negociar con fondos de capital de riesgo
ESCP Business School,Maestría en Finanzas Internacionales,Gestionar riesgos de cambio,Nivel 1,Utilizar instrumentos básicos de cobertura
EM Lyon,Maestría en Marketing B2B,Desarrollar relaciones con clientes industriales,Nivel 2,Negociar contratos marco complejos
EDHEC,Maestría en Gestión de Activos,Construir carteras diversificadas,Nivel 3,Crear estrategias de inversión alternativas
Skema Business School,Maestría en Cadena de Suministro,Optimizar logística internacional,Nivel 1,Gestionar flujos físicos y documentales
Audencia,Maestría en RSE,Integrar la sostenibilidad en la estrategia,Nivel 2,Medir el impacto ambiental de las actividades
Neoma Business School,Maestría en Análisis Comercial,Analizar datos masivos de clientes,Nivel 3,Predecir comportamientos usando aprendizaje automático
TBS Toulouse Business School,Maestría en Negocios Aeronáuticos,Negociar con proveedores aeronáuticos,Nivel 1,Comprender las particularidades del sector
Rennes School of Business,Maestría en Inmobiliaria,Evaluar la rentabilidad de proyectos inmobiliarios,Nivel 2,Modelar flujos de caja en el ciclo de vida
Burgundy School of Business,Maestría en Vinos y Espíritus,Desarrollar marcas de vinos premium,Nivel 3,Crear nuevos conceptos de distribución
La Rochelle Business School,Maestría en Comercio Internacional,Negociar internacionalmente,Nivel 1,Dominar Incoterms y normativas
Universidad Católica de Lyon,Maestría en Ética Médica,Analizar dilemas bioéticos,Nivel 2,Asesorar a comités de ética hospitalarios
Instituto Católico de París,Maestría en Patrimonio Religioso,Restaurar obras de arte sacro,Nivel 3,Innovar en técnicas de conservación
Universidad Nueva Sorbona,Maestría en Traducción Literaria,Traducir poesía contemporánea,Nivel 1,Respetar métrica y sonoridad
Universidad París Nanterre,Maestría en Antropología Visual,Realizar documentales etnográficos,Nivel 2,Captar ritos y tradiciones orales
Sciences Po París,Maestría en Asuntos Públicos,Analizar políticas públicas,Nivel 3,Proponer reformas institucionales
Sciences Po Lyon,Maestría en Cooperación Internacional,Gestionar proyectos de desarrollo,Nivel 1,Respetar procedimientos de donantes internacionales
Sciences Po Burdeos,Maestría en Periodismo,Investigar temas de investigación,Nivel 2,Cotejar fuentes y verificar información
Sciences Po Lille,Maestría en Seguridad Internacional,Analizar conflictos geopolíticos,Nivel 3,Anticipar crisis internacionales
Sciences Po Rennes,Maestría en Comunicación Política,Gestionar campañas electorales,Nivel 1,Dominar técnicas de comunicación básicas
Sciences Po Estrasburgo,Maestría en Relaciones Franco-Alemanas,Facilitar intercambios transfronterizos,Nivel 2,Negociar acuerdos de cooperación bilateral
Sciences Po Toulouse,Maestría en Planificación Territorial,Conciliar desarrollo y medio ambiente,Nivel 3,Innovar en gobernanza territorial
Escuela Normal Superior de Lyon,Maestría en Literatura Comparada,Analizar influencias literarias transculturales,Nivel 1,Identificar referencias intertextuales
Escuela Normal Superior de Cachan,Maestría en Economía Cuantitativa,Modelar comportamientos económicos,Nivel 2,Probar económicamente teorías
Escuela Normal Superior de Rennes,Maestría en Informática Teórica,Demostrar complejidad algorítmica,Nivel 3,Establecer nuevos límites de complejidad
ENS París-Saclay,Maestría en Mecánica de Fluidos,Simular flujos turbulentos,Nivel 1,Usar códigos de cálculo CFD estándar
Escuela Politécnica de Lyon,Maestría en Materiales Avanzados,Caracterizar propiedades mecánicas,Nivel 2,Correlacionar microestructura y propiedades
ENSCM Montpellier,Maestría en Ingeniería de Procesos,Diseñar reactores químicos,Nivel 3,Optimizar procesos mediante modelización molecular
ENSIACET Toulouse,Maestría en Petroquímica,Diseñar unidades de refinación,Nivel 1,Responder a normas de seguridad ATEX
ENSGTI Pau,Maestría en Ingeniería Petrolera,Modelar reservorios de hidrocarburos,Nivel 2,Optimizar recuperación asistida
ENSIC Nancy,Maestría en Química Fina,Desarrollar vías de síntesis sostenibles,Nivel 3,Innovar en catálisis asimétrica
ENSCP París,Maestría en Química Molecular,Elucidar estructuras mediante RMN,Nivel 1,Interpretar espectros 1D y 2D
ENSCL Lille,Maestría en Catálisis Industrial,Optimizar procesos catalíticos,Nivel 2,Regenerar y reciclar catalizadores
ENSC Bordeaux,Maestría en Formulación Cosmética,Desarrollar nuevos productos de belleza,Nivel 3,Crear texturas y experiencias sensoriales innovadoras
ESTP París,Maestría en Innovación en BTP,Diseñar edificios biosostenibles,Nivel 1,Usar materiales ecológicos estándar
ENTPE Lyon,Maestría en Infraestructuras Sostenibles,Evaluar el impacto ambiental de proyectos,Nivel 2,Optimizar análisis de ciclo de vida
ENSAM Cluny,Maestría en Patrimonio Industrial,Restaurar máquinas históricas,Nivel 3,Innovar en museografía técnica
ENSAM Metz,Maestría en Mecanizado de Alta Velocidad,Programar centros de mecanizado CNC,Nivel 1,Dominar CAD y trayectorias de herramientas
ENSAM Bordeaux,Maestría en Aerodinámica Automotriz,Optimizar formas usando CFD,Nivel 2,Reducir la resistencia y mejorar la eficiencia
ENSAM Lille,Maestría en Vibroacústica,Reducir ruidos industriales,Nivel 3,Diseñar materiales acústicos innovadores
Universidad de Tecnología Belfort-Montbéliard,Maestría en Energía Hidrógeno,Diseñar pilas de combustible,Nivel 1,Montar pilas y sistemas auxiliares
Universidad de Tecnología Compiègne,Maestría en Biomecánica,Modelar el movimiento humano,Nivel 2,Simular patologías articulares
Universidad de Tecnología Troyes,Maestría en Materiales y Mecánica,Probar la fatiga de materiales,Nivel 3,Predecir la vida útil en servicio
ISEN Brest,Maestría en Sistemas Embebidos Marinos,Diseñar electrónica naval,Nivel 1,Cumplir normas marítimas internacionales
ISEN Lille,Maestría en Telecomunicaciones por Satélite,Calcular balances de enlace,Nivel 2,Optimizar antenas y amplificadores
ISEN Toulon,Maestría en Guerra Electrónica,Diseñar sistemas de contramedidas,Nivel 3,Innovar en furtividad electromagnética
ESME Sudria,Maestría en IoT Industrial,Conectar equipos industriales,Nivel 1,Implementar protocolos de comunicación
EPITA,Maestría en Seguridad Informática Avanzada,Desarrollar herramientas forenses,Nivel 2,Analizar malware y rootkits
EPITECH,Maestría en Innovación Tecnológica,Crear startups tecnológicas disruptivas,Nivel 3,Levantar fondos y desarrollar el ecosistema
SUPINFO,Maestría en Arquitectura en la Nube,Migrar a infraestructuras en la nube,Nivel 1,Desplegar aplicaciones en AWS/Azure
Escuela 42,Maestría en Desarrollo Blockchain,Crear contratos inteligentes en Ethereum,Nivel 2,Optimizar costos de transacción de gas
WebTech Institute,Maestría en Ciencia de Datos,Analizar datos no estructurados,Nivel 3,Innovar en arquitecturas big data
HETIC,Maestría en Diseño UX/UI,Diseñar interfaces de usuario intuitivas,Nivel 1,Aplicar principios de ergonomía web
Supinfocom Rubika,Maestría en Animación 3D,Crear efectos visuales cinematográficos,Nivel 2,Dominio de software de animación avanzada
ENJMIN,Maestría en Diseño de Juegos,Diseñar mecánicas de juego innovadoras,Nivel 3,Revolucionar la experiencia del usuario en gaming
ESRA,Maestría en Producción Audiovisual,Gestionar rodajes de largometrajes,Nivel 1,Coordinar equipos técnicos
FEMIS,Maestría en Dirección Cinematográfica,Dirigir actores profesionales,Nivel 2,Desarrollar una firma artística
Escuela Louis-Lumière,Maestría en Imagen y Sonido,Dominio de la corrección de color digital,Nivel 3,Innovar en tecnologías de imagen
CNSMD Lyon,Maestría en Composición Musical Contemporánea,Componer para orquesta sinfónica,Nivel 1,Dominar la escritura instrumental clásica
CNSMD París,Maestría en Dirección de Orquesta,Dirigir obras del repertorio,Nivel 2,Desarrollar técnica y autoridad
Conservatorio de Estrasburgo,Maestría en Musicología Digital,Analizar corpus musicales mediante IA,Nivel 3,Desarrollar nuevas herramientas de análisis
Universidad del Louvre,Maestría en Conservación Preventiva,Dignosticar el estado de obras de arte,Nivel 1,Aplicar protocolos de conservación
Instituto Nacional de Patrimonio,Maestría en Restauración de Pinturas,Limpiar y restaurar pinturas antiguas,Nivel 2,Escoger técnicas según patologías
Villa Arson Niza,Maestría en Arte Contemporáneo,Desarrollar una práctica artística singular,Nivel 3,Exponer en instituciones reconocidas
ENSBA París,Maestría en Pintura,Experimentar con técnicas pictóricas mixtas,Nivel 1,Dominar medios tradicionales y contemporáneos
ENSBA Lyon,Maestría en Escultura,Crear instalaciones monumentales,Nivel 2,Integrar arte en espacios públicos
ENSCI Les Ateliers,Maestría en Diseño Industrial,Diseñar objetos cotidianos sostenibles,Nivel 3,Revolucionar usos mediante eco-diseño
ENSAD París,Maestría en Diseño Gráfico,Crear identidades visuales de marca,Nivel 1,Dominar toda la cadena gráfica
Escuela Camondo,Maestría en Diseño de Espacios,Amueblar espacios comerciales,Nivel 2,Optimizar la experiencia del cliente mediante diseño
Escuela Boulle,Maestría en Oficios de Arte,Restaurar mobiliario de época,Nivel 3,Innovar en técnicas artesanales
ESAG Penninghen,Maestría en Dirección Artística,Diseñar campañas publicitarias,Nivel 1,Desarrollar conceptos en todos los medios
Escuela de Diseño Nantes Atlantique,Maestría en Diseño Alimentario,Diseñar nuevos alimentos funcionales,Nivel 1,Respetar la normativa alimentaria
Escuela Superior de Arte y Diseño de Orléans,Maestría en Diseño Social,Diseñar para poblaciones vulnerables,Nivel 2,Co-crear con los usuarios implicados
École de Design Nantes Atlantique,Master Design Alimentaire,Concevoir de nouveaux aliments fonctionnels,Niveau 1,Respecter la réglementation alimentaire
École Supérieure d Art et Design Orléans,Master Design Social,Concevoir pour les populations fragiles,Niveau 2,Co-créer avec les usagers concernés
Escuela Superior de Arte de Annecy Alpes,Maestría en Animación,Realizar películas de animación de autor,Nivel 3,Desarrollar técnicas de animación originales
ENSA París-Belleville,Maestría en Arquitectura Sostenible,Diseñar edificios pasivos,Nivel 1,Respetar la RT2012 y regulaciones futuras
ENSA Versailles,Maestría en Patrimonio Arquitectónico,Restaurar monumentos históricos,Nivel 2,Conciliar conservación y cumplimiento de normativas
ENSA Lyon,Maestría en Arquitectura Digital,Modelar proyectos complejos en BIM,Nivel 3,Innovar en diseño paramétrico
ENSA Marsella,Maestría en Urbanismo Mediterráneo,Planificar ciudades para climas cálidos,Nivel 1,Adaptar urbanismo a condiciones climáticas
ENSA Toulouse,Maestría en Arquitectura Aeroportuaria,Diseñar terminales del futuro,Nivel 2,Optimizar flujos y experiencias para el viajero
ENSA Nantes,Maestría en Paisaje Urbano,Diseñar espacios verdes en ciudades,Nivel 3,Revolucionar la biodiversidad urbana
Escuela Especial de Arquitectura,Maestría en Arquitectura de Interior,Amueblar espacios de trabajo colaborativos,Nivel 1,Aplicar ergonomía a espacios abiertos
Escuela La Cambre Bélgica,Maestría en Fotografía Documental,Realizar reportajes sociales comprometidos,Nivel 2,Desarrollar una mirada fotográfica personal
Escuela Nacional de Fotografía de Arles,Maestría en Fotografía Digital,Dominio de postproducción avanzada,Nivel 3,Innovar en técnicas de impresión
EFAP París,Maestría en Comunicación Corporativa,Gestionar comunicación de crisis,Nivel 1,Aplicar protocolos de gestión de crisis
CELSA Sorbona,Maestría en Comunicación Política,Analizar la opinión pública,Nivel 2,Modelar comportamientos electorales
ISCOM París,Maestría en Marketing Digital,Optimizar SEO/SEA,Nivel 3,Anticipar evoluciones de algoritmos
SUP de COM,Maestría en Relaciones Públicas,Organizar eventos de gran envergadura,Nivel 1,Coordinar proveedores y logística
ESP Escuela Superior de Publicidad,Maestría en Creación Publicitaria,Diseñar campañas crossmedia,Nivel 2,Adaptar el mensaje a diferentes canales
ISCPA Instituto Superior de Comunicación,Maestría en Periodismo Radiofónico,Animar programas en directo,Nivel 3,Innovar en formatos radiofónicos
CFJ Centro de Formación de Periodistas,Maestría en Periodismo Digital,Producir contenidos multimedia,Nivel 1,Dominar herramientas de publicación web
Escuela Superior de Periodismo Lille,Maestría en Periodismo Internacional,Cubrir conflictos en el extranjero,Nivel 2,Negociar acceso a zonas sensibles
Instituto Práctico de Periodismo,Maestría en Prensa de Revistas,Diseñar reportajes temáticos detallados,Nivel 3,Desarrollar ángulos editoriales inéditos
CUEJ Estrasburgo,Maestría en Periodismo Televisivo,Presentar noticiarios de televisión,Nivel 1,Dominar dicción y presencia en cámara
IEJ Instituto Europeo de Periodismo,Maestría en Periodismo Deportivo,Comentar eventos deportivos,Nivel 2,Desarrollar una pericia técnica precisa
ISCID-CO Dunkerque,Maestría en Comunicación de Eventos,Crear experiencias memorables,Nivel 3,Revolucionar el marketing experiencial
Escuela Superior de los Oficios de la Imagen,Maestría en Efectos Especiales de Cine,Crear criaturas digitales fotorrealistas,Nivel 1,Dominar software de modelado 3D
RUBIKA Supinfogame,Maestría en Programación de Videojuegos,Desarrollar motores de juego optimizados,Nivel 2,Programar sombreados gráficos avanzados
Supergame,Maestría en Negocios de Videojuegos,Monetizar juegos free-to-play,Nivel 3,Innovar en modelos económicos de gaming
ENJMIN Le Mans,Maestría en Entretenimiento Interactivo,Crear experiencias transmedia,Nivel 1,Desarrollar universos en todos los soportes
Escuela Georges Méliès,Maestría en Cine de Animación,Dirigir equipos de animadores,Nivel 2,Coordinar la producción en pipeline
EMCA Escuela de los Oficios de Cine y Animación,Maestría en Diseño de Personajes,Diseñar personajes icónicos,Nivel 3,Desarrollar estilos gráficos reconocibles
Escuela de la Imagen GOBELINS,Maestría en Diseño Gráfico en Movimiento,Animar interfaces de usuario,Nivel 1,Crear micro-interacciones fluidas
Escuela Superior Estienne,Maestría en Artes Gráficas,Dominar técnicas de impresión artesanales,Nivel 2,Innovar en soportes y tintas
Escuela Duperré,Maestría en Diseño Textil,Crear textiles técnicos inteligentes,Nivel 3,Integrar electrónica en las fibras
ENSAAMA Olivier de Serres,Maestría en Diseño de Producto,Diseñar objetos conectados duraderos,Nivel 1,Respetar la eco-concepción y ergonomía
Escuela Nacional Superior de Creación Industrial,Maestría en Innovación en Diseño,Anticipar los usos del mañana,Nivel 2,Prototipar rápidamente los conceptos
Instituto Superior de Artes Aplicadas,Maestría en Escenografía,Diseñar espacios de exposición inmersivos,Nivel 3,Revolucionar la museografía interactiva
Escuela Bleue,Maestría en Comunicación Visual,Crear sistemas de identidad coherentes,Nivel 1,Desarrollar una guía gráfica completa
Escuela Intuit Lab,Maestría en Diseño UX/UI,Optimizar la experiencia del usuario móvil,Nivel 2,Probar e iterar interfaces
Escuela de Condé,Maestría en Ilustración,Desarrollar un estilo gráfico personal,Nivel 3,Posicionarse en el mercado de la ilustración
MJM Graphic Design,Maestría en Diseño Web,Crear sitios web con diseño responsivo,Nivel 1,Dominar frameworks CSS modernos
ECV Escuela de Comunicación Visual,Maestría en Diseño en Movimiento,Animar logotipos e identidades visuales,Nivel 2,Sincronizar animación y banda sonora
Escuela Superior de Diseño Troyes,Maestría en Embalaje,Diseñar envases eco-responsables,Nivel 3,Innovar en materiales biodegradables
LISAA Escuela de Diseño,Maestría en Arquitectura de Interior Comercial,Amueblar espacios de venta experienciales,Nivel 1,Optimizar recorridos de clientes en tienda
Escuela Superior de Artes Aplicadas de Borgoña,Maestría en Joyería Contemporánea,Crear joyas con impresión 3D,Nivel 2,Combinar tradición artesanal y tecnologías
Escuela de Joyería BJOP,Maestría en Alta Joyería,Engastar piedras preciosas excepcionales,Nivel 3,Dominar técnicas de engaste complejas
Escuela Van Cleef y Arpels,Maestría en Gemología Aplicada,Expertizar piedras preciosas raras,Nivel 1,Identificar tratamientos y síntesis
Instituto Nacional de Gemología,Maestría en Comercio de Piedras Preciosas,Nivel 2,Negociar en mercados internacionales,Nivel 2,Evaluar riesgos geopolíticos
Escuela Superior de Relojería de Ginebra,Maestría en Complicaciones Relojeras,Diseñar mecanismos mecánicos complejos,Nivel 3,Innovar en escape de alta frecuencia
CNAM Escuela de Relojería,Maestría en Restauración de Relojes Antiguos,Reparar relojes históricos,Nivel 1,Reconstruir piezas faltantes de época
Escuela Técnica de Relojería de Besançon,Maestría en Relojería Conectada,Integrar electrónica en relojes,Nivel 2,Optimizar autonomía de componentes
Escuela de los Artesanos Joyeros,Maestría en Diseño de Joyería,Dibujar adornos de alta costura,Nivel 3,Colaborar con casas de moda
Instituto de los Oficios de Excelencia LVMH,Maestría en Marroquinería de Lujo,Diseñar bolsos icónicos,Nivel 1,Dominar patronaje y ensamblaje de cuero
Escuela Superior de Artes Aplicadas Duperré,Maestría en Moda Ética,Crear colecciones sostenibles,Nivel 2,Sourcing de materiales eco-responsables
ENSAD París Sección Moda,Maestría en Estilismo de Alta Costura,Presentar en desfiles parisinos,Nivel 3,Revolucionar códigos de vestimenta
Escuela de la Cámara Sindical de Costura,Maestría en Modelismo Suelto,Realizar vestidos de noche a medida,Nivel 1,Dominar el moulage sobre maniquí
Studio Berçot,Maestría en Creación de Moda Contemporánea,Desarrollar una firma estilística,Nivel 2,Crear colecciones comercializables
ESMOD París,Maestría en Gestión de Moda de Lujo,Lanzar marcas de moda confidenciales,Nivel 3,Desarrollar redes de distribución selectiva
IFM Instituto Francés de Moda,Maestría en Marketing de Moda,Analizar tendencias de consumo de moda,Nivel 1,Decodificar señales débiles del mercado
Escuela Superior de Artes de Moda de Rennes,Maestría en Diseño de Accesorios,Diseñar bolsas y zapatos técnicos,Nivel 2,Integrar funcionalidad y estética
Escuela Duperré París,Maestría en Artes Textiles,Tejer tejidos técnicos de alto rendimiento,Nivel 3,Innovar en fibras y estructuras
ENSAIT Roubaix,Maestría en Ingeniería Textil,Desarrollar textiles para la aeroespacial,Nivel 1,Respetar certificaciones aeronáuticas
ITECH Lyon,Maestría en Cuero, Calzado y Marroquinería,Industrializar la producción de marroquinería,Nivel 2,Optimizar procesos de curtido
Universidad París-Saclay,Maestría en Inteligencia Artificial,Aplicar métodos de aprendizaje supervisado,Nivel 1,Programar clasificadores basados en regresión
Universidad Grenoble Alpes,Maestría en Neurociencias,Comprender mecanismos neuronales,Nivel 2,Elaborar protocolos experimentales en neurobiología
Universidad de Lille,Licenciatura en Informática,Gestionar bases de datos relacionales,Nivel 3,Optimizar consultas SQL complejas
Universidad de Estrasburgo,Maestría en Biología Molecular,Analizar mecanismos de regulación genética,Nivel 1,Utilizar técnicas de PCR y secuenciación
Universidad de Nantes,Maestría en Gestión de Proyectos,Coordinar proyectos interdisciplinarios,Nivel 2,Aplicar métodos ágiles a casos prácticos
Universidad de Burdeos,Licenciatura en Química,Dominar reacciones orgánicas básicas,Nivel 3,Sintetizar moléculas complejas en laboratorio
Universidad de Rennes 1,Maestría en Economía Internacional,Estudiar flujos comerciales globales,Nivel 1,Interpretar indicadores macroeconómicos
Universidad de Montpellier,Maestría en Derecho Público,Analizar legislación administrativa,Nivel 2,Redactar memoria jurídicas detalladas
Universidad de Poitiers,Licenciatura en Historia del Arte,Estudiar corrientes artísticas europeas,Nivel 3,Desarrollar análisis iconográficos profundos
Universidad de Tours,Maestría en Salud Pública,Evaluar políticas sanitarias,Nivel 1,Interpretar estadísticas epidemiológicas básicas
Universidad de Caen,Maestría en Ciencias Políticas,Comprender instituciones políticas,Nivel 2,Comparar sistemas democráticos contemporáneos
Universidad de Lorena,Licenciatura en Matemáticas,Aplicar teoremas fundamentales,Nivel 3,Resolver ecuaciones diferenciales complejas
Universidad de Angers,Maestría en Ciencias de la Educación,Diseñar dispositivos pedagógicos,Nivel 1,Implementar secuencias didácticas adecuadas
Universidad Clermont Auvergne,Maestría en Geociencias,Analizar formaciones geológicas,Nivel 2,Modelar riesgos sísmicos
Universidad de Reims,Licenciatura en Física,Describir leyes fundamentales de la mecánica,Nivel 3,Estudiar sistemas dinámicos no lineales
Universidad de Limoges,Maestría en Informática Decisional,Explotar grandes volúmenes de datos,Nivel 1,Construir paneles de control interactivos
Universidad de Franco-Condado,Maestría en Derecho Europeo,Interpretar tratados comunitarios,Nivel 2,Analizar decisiones del Tribunal de Justicia
Universidad de Saboya,Licenciatura en Ciencias Sociales,Estudiar comportamientos colectivos,Nivel 3,Elaborar encuestas sociológicas avanzadas
Universidad de Córcega,Maestría en Energías Sostenibles,Desarrollar sistemas fotovoltaicos,Nivel 1,Dimensionar instalaciones solares
Universidad de Évry,Maestría en Robótica,Programar sistemas autónomos,Nivel 2,Optimizar algoritmos de navegación
Universidad París 1 Panthéon-Sorbona,Maestría en Historia Medieval,Analizar fuentes manuscritas,Nivel 3,Establecer ediciones críticas de textos antiguos
Universidad París 2 Panthéon-Ascas,Maestría en Derecho Penal,Estudiar responsabilidad penal,Nivel 1,Redactar análisis de casos jurídicos
Universidad París 3 Sorbona Nueva,Licenciatura en Letras Modernas,Analizar textos literarios,Nivel 2,Desarrollar comentarios compuestos argumentados
Universidad París 4 Sorbona,Maestría en Filosofía Política,Estudiar doctrinas modernas,Nivel 3,Producir ensayos filosóficos originales
Universidad París 5 Descartes,Maestría en Psicología Clínica,Observar comportamientos patológicos,Nivel 1,Administrar pruebas psicométricas
Universidad París 6 Pierre y Marie Curie,Licenciatura en Física Química,Estudiar materia e interacciones,Nivel 2,Aplicar leyes de termodinámica
Universidad París 7 Diderot,Maestría en Literatura Comparada,Comparar tradiciones literarias,Nivel 3,Analizar correspondencias entre autores
Universidad París 10 Nanterre,Licenciatura en Derecho Privado,Conocer bases de derecho civil,Nivel 1,Aplicar código civil a situaciones concretas
Universidad París 11 Orsay,Maestría en Matemáticas Fundamentales,Estudiar estructuras algebraicas,Nivel 2,Demostrar teoremas de topología
Universidad París 12 Créteil,Licenciatura en Gestión,Dominar principios contables,Nivel 3,Elaborar balances financieros consolidados
Universidad París 13 Villetaneuse,Maestría en Comunicación,Analizar medios digitales,Nivel 1,Desarrollar estrategia en redes sociales
Universidad París Dauphine,Maestría en Gestión,Coordinar equipos multidiscipinaros,Nivel 2,Implementar estrategia organizacional
Universidad de Niza,Licenciatura en Biología Marina,Estudiar biodiversidad marina,Nivel 3,Evaluar impactos de contaminación en ecosistemas
Universidad de Pau,Maestría en Química Orgánica,Diseñar reacciones de síntesis,Nivel 1,Utilizar espectros RMN para identificación de moléculas
Universidad de Perpiñán,Licenciatura en Informática,Programar en lenguaje C,Nivel 2,Desarrollar aplicaciones eficientes
Universidad de Valenciennes,Maestría en Transporte y Logística,Optimizar flujos de mercancías,Nivel 3,Elaborar estrategias de cadena de suministro
Universidad de Versalles,Licenciatura en Ciencias de la Tierra,Describir procesos geológicos,Nivel 1,Identificar rocas y minerales
Universidad de Cergy,Maestría en Ingeniería de Software,Desarrollar sistemas complejos,Nivel 2,Implementar arquitecturas de microservicios
Universidad de La Rochelle,Licenciatura en Derecho Público,Analizar instituciones administrativas,Nivel 3,Evaluar impacto de reformas jurídicas
Universidad de Polinesia Francesa,Maestría en Turismo Sostenible,Promover turismo responsable,Nivel 1,Desarrollar circuitos eco-turísticos
Universidad de Guayana,Licenciatura en Sociología,Comprender dinámicas sociales locales,Nivel 2,Analizar relaciones interculturales
Universidad de Nueva Caledonia,Maestría en Medio Ambiente,Estudiar ecosistemas insulares,Nivel 3,Desarrollar estrategias de conservación
Universidad de Ginebra,Maestría en Relaciones Internacionales,Estudiar diplomacia contemporánea,Nivel 1,Analizar negociaciones multilaterales
Universidad de Lausana,Licenciatura en Historia,Analizar períodos antiguos,Nivel 2,Interpretar fuentes arqueológicas
Universidad de Bruselas,Maestría en Ciencias Políticas,Estudiar sistemas electorales,Nivel 3,Construir modelos de previsión electoral
Universidad de Lieja,Licenciatura en Biotecnologías,Estudiar microorganismos,Nivel 1,Utilizar técnicas de cultivo bacteriano
Universidad de Neuchâtel,Maestría en Derecho Internacional,Analizar tratados mundiales,Nivel 2,Comparar jurisdicciones internacionales
Universidad de Friburgo,Licenciatura en Psicología,Estudiar mecanismos cognitivos,Nivel 3,Experimentar protocolos de memoria
Universidad de Luxemburgo,Maestría en Informática,Concebir sistemas distribuidos,Nivel 1,Desplegar servicios en la nube
Universidad de Montreal,Licenciatura en Economía,Analizar políticas económicas,Nivel 2,Evaluar impactos presupuestarios
Universidad de Laval,Maestría en Educación,Concebir dispositivos pedagógicos,Nivel 3,Desarrollar formaciones digitales
Universidad de Ottawa,Licenciatura en Ingeniería Civil,Estudiar resistencia de materiales,Nivel 1,Aplicar normas de construcción
Universidad de Toronto,Maestría en Ciencias Cognitivas,Estudiar procesos mentales,Nivel 2,Implementar experimentos cognitivos
Universidad de Quebec,Licenciatura en Comunicación,Analizar medios masivos,Nivel 3,Producir contenidos audiovisuales innovadores
Universidad McGill,Maestría en Medicina,Estudiar sistemas orgánicos,Nivel 1,Aplicar técnicas de anatomía
Universidad Harvard,Maestría en Administración de Empresas,Analizar estrategia empresarial,Nivel 2,Desarrollar planes de negocio complejos
Universidad MIT,Licenciatura en Ingeniería,Dominar fundamentos de electrónica,Nivel 3,Concebir circuitos integrados avanzados
Universidad Stanford,Maestría en Ciencia de Datos,Analizar big data,Nivel 1,Aplicar algoritmos de clasificación
Universidad Berkeley,Licenciatura en Ecología,Estudiar ecosistemas forestales,Nivel 2,Modelar dinámicas poblacionales
Universidad Yale,Maestría en Derecho,Estudiar sistemas jurídicos comparativos,Nivel 3,Defender causas internacionales
Universidad Princeton,Licenciatura en Filosofía,Estudiar conceptos fundamentales,Nivel 1,Redactar ensayos argumentativos
Universidad Columbia,Maestría en Periodismo,Analizar prácticas mediáticas,Nivel 2,Producir reportajes multimedia
Universidad de Chicago,Licenciatura en Sociología,Estudiar dinámicas urbanas,Nivel 3,Elaborar estudios de campo
Universidad de Cambridge,Maestría en Historia del Arte,Analizar obras pictóricas,Nivel 1,Describir estilos e influencias
Universidad de Oxford,Licenciatura en Literatura Inglesa,Estudiar autores clásicos,Nivel 2,Comparar corrientes literarias
Universidad de Melbourne,Maestría en Ingeniería Biomédica,Diseñar dispositivos médicos,Nivel 3,Innovar en prótesis inteligentes
Universidad de Sídney,Licenciatura en Física,Estudiar leyes fundamentales,Nivel 1,Aplicar mecánica clásica
Universidad de Tokio,Maestría en Inteligencia Artificial,Diseñar sistemas expertos,Nivel 2,Desarrollar modelos de aprendizaje profundo
Universidad de Kioto,Licenciatura en Biología,Estudiar genética animal,Nivel 3,Experimentar con organismos modelo
Universidad de Pekín,Maestría en Energías Renovables,Desarrollar tecnologías solares,Nivel 1,Instalar paneles fotovoltaicos
Universidad Tsinghua,Licenciatura en Química,Estudiar reacciones químicas,Nivel 2,Analizar cinéticas de reacción
Universidad de Hong Kong,Maestría en Derecho Comercial,Estudiar reglas de comercio,Nivel 3,Redactar contratos internacionales
Universidad de Singapur,Licenciatura en Informática,Programar algoritmos,Nivel 1,Desarrollar aplicaciones móviles
Universidad de Seúl,Maestría en Ingeniería Automotriz,Diseñar motores híbridos,Nivel 2,Optimizar consumo energético
Universidad de Delhi,Licenciatura en Matemáticas,Estudiar ecuaciones algebraicas,Nivel 3,Aplicar teoremas avanzados
Universidad de El Cairo,Maestría en Arqueología,Estudiar civilizaciones antiguas,Nivel 1,Analizar jeroglíficos
Universidad de Casablanca,Licenciatura en Gestión,Comprender contabilidad,Nivel 2,Elaborar presupuestos previsionales
Universidad de Rabat,Maestría en Ciencias Políticas,Analizar instituciones africanas,Nivel 3,Proponer reformas institucionales
Universidad de Túnez,Licenciatura en Derecho,Estudiar derecho constitucional,Nivel 1,Redactar casos prácticos jurídicos
Universidad de Argel,Maestría en Economía,Analizar mercados locales,Nivel 2,Evaluar políticas monetarias
Universidad de Dakar,Licenciatura en Biología,Estudiar fauna africana,Nivel 3,Desarrollar programas de conservación
Universidad de Abidján,Maestría en Comunicación,Estudiar comunicación pública,Nivel 1,Organizar campañas de sensibilización
Universidad de Bamako,Licenciatura en Informática,Aprender programación web,Nivel 2,Desarrollar sitios dinámicos
Universidad de Lomé,Maestría en Derecho Internacional,Analizar convenciones africanas,Nivel 3,Defender casos ante jurisdicciones regionales
Universidad de Kinshasa,Licenciatura en Física,Estudiar electricidad y magnetismo,Nivel 1,Aplicar leyes de electromagnetismo
Universidad de Addis Abeba,Maestría en Salud Pública,Estudiar sistemas de atención,Nivel 2,Elaborar políticas de prevención
Universidad de Johannesburgo,Licenciatura en Química,Estudiar química inorgánica,Nivel 3,Desarrollar nuevas aleaciones
Universidad de Sao Paulo,Maestría en Arquitectura,Diseñar edificios sostenibles,Nivel 1,Aplicar normas medioambientales
Universidad de Río de Janeiro,Licenciatura en Geografía,Estudiar paisajes brasileños,Nivel 2,Analizar dinámicas urbanas
Universidad de Buenos Aires,Maestría en Sociología,Estudiar desigualdades sociales,Nivel 3,Proponer reformas sociales
Universidad de Santiago de Chile,Licenciatura en Historia,Estudiar revoluciones sudamericanas,Nivel 1,Analizar archivos nacionales
Universidad de México,Maestría en Ingeniería Civil,Diseñar puentes y caminos,Nivel 2,Optimizar resistencia de materiales
Universidad de Bogotá,Licenciatura en Literatura,Estudiar poesía hispánica,Nivel 3,Comparar autores latinoamericanos
Universidad de Lima,Maestría en Medicina Tropical,Estudiar enfermedades endémicas,Nivel 1,Aplicar tratamientos preventivos
Universidad de Caracas,Licenciatura en Derecho Penal,Estudiar criminalidad,Nivel 2,Analizar sistemas judiciales
Universidad de Quito,Maestría en Biología Tropical,Estudiar ecosistemas amazónicos,Nivel 3,Desarrollar programas de conservación
Universidad de Madrid,Licenciatura en Informática,Estudiar algoritmos,Nivel 1,Programar en Java y Python
Universidad de Barcelona,Maestría en Marketing,Analizar comportamientos de consumo,Nivel 2,Desarrollar estrategias publicitarias
Universidad de Sevilla,Licenciatura en Música,Estudiar teoría musical,Nivel 3,Componer obras originales
Universidad de Roma,Maestría en Derecho Europeo,Analizar instituciones de la UE,Nivel 1,Redactar informes jurídicos
Universidad de Milán,Licenciatura en Diseño,Estudiar diseño visual,Nivel 2,Crear proyectos de comunicación gráfica
Universidad de Berlín,Maestría en Física,Estudiar partículas elementales,Nivel 3,Conducir experimentos en aceleradores
Universidad de Múnich,Licenciatura en Informática,Estudiar bases de datos,Nivel 1,Diseñar esquemas relacionales
Universidad de Hamburgo,Maestría en Psicología,Estudiar comportamientos humanos,Nivel 2,Implementar terapias cognitivo-conductuales
Universidad de Viena,Licenciatura en Historia,Estudiar periodo moderno,Nivel 3,Analizar archivos europeos
Universidad de Praga,Maestría en Ingeniería,Estudiar mecánica aplicada,Nivel 1,Aplicar leyes de Newton
Universidad de Varsovia,Licenciatura en Economía,Estudiar mercados financieros,Nivel 2,Predecir movimientos bursátiles
Universidad de Budapest,Maestría en Música,Estudiar composición,Nivel 3,Crear sinfonías originales
Universidad de Lille,Maestría en Bioinformática,Analizar secuencias genéticas,Nivel 1,Utilizar herramientas de modelado biomolecular
Universidad de Estrasburgo,Licenciatura en Filosofía,Estudiar grandes corrientes de pensamiento,Nivel 2,Producir ensayos críticos argumentados
Universidad de Montpellier,Maestría en Robótica Avanzada,Programar robots autónomos,Nivel 3,Integrar visión artificial y IA
Universidad de Rennes,Licenciatura en Informática,Aprender programación orientada a objetos,Nivel 1,Desarrollar aplicaciones simples en Java
Universidad de Burdeos,Maestría en Derecho Marítimo,Interpretar legislación marítima,Nivel 2,Redactar contratos de transporte internacional
Universidad de Nantes,Licenciatura en Ciencias de la Vida,Estudiar fisiología celular,Nivel 3,Implementar protocolos experimentales
Universidad de Angers,Maestría en Ergonomía,Analizar puestos de trabajo,Nivel 1,Proponer soluciones de diseño ergonómico
Universidad de Poitiers,Licenciatura en Economía y Gestión,Estudiar microeconomía,Nivel 2,Modelar comportamientos de consumo
Universidad de Tours,Maestría en Matemáticas Aplicadas,Utilizar ecuaciones diferenciales,Nivel 3,Desarrollar modelos predictivos
Universidad de Reims,Licenciatura en Letras Modernas,Estudiar movimientos literarios,Nivel 1,Redactar comentarios de texto profundos
Universidad de Caen,Maestría en Historia Contemporánea,Analizar revoluciones políticas,Nivel 2,Constituir dossiers documentales temáticos
Universidad de Limoges,Licenciatura en Derecho Público,Aprender bases de derecho administrativo,Nivel 3,Realizar análisis jurídicos detallados
Universidad Clermont Auvergne,Maestría en Informática Industrial,Programar autómatas,Nivel 1,Supervisar sistemas embebidos
Universidad de Lorena,Licenciatura en Química,Dominar la estequiometría,Nivel 2,Realizar análisis químicos en laboratorio
Universidad de Saboya,Maestría en Turismo Sostenible,Desarrollar circuitos ecológicos,Nivel 3,Diseñar proyectos que integren la biodiversidad
Universidad de Córcega,Licenciatura en Historia del Arte,Analizar obras pictóricas,Nivel 1,Establecer comparaciones estilísticas
Universidad de Évry,Maestría en Big Data,Analizar grandes volúmenes de datos,Nivel 2,Implementar pipelines de procesamiento
Universidad París-Saclay,Licenciatura en Ciencias Sociales,Estudiar comportamientos colectivos,Nivel 3,Elaborar encuestas cuantitativas
Universidad de Grenoble Alpes,Maestría en Física de Materiales,Analizar propiedades cristalinas,Nivel 1,Utilizar difracción de rayos X
Universidad de Niza,Licenciatura en Psicología Social,Estudiar relaciones interpersonales,Nivel 2,Implementar experimentos en laboratorio
Universidad de Pau,Maestría en Ingeniería Mecánica,Diseñar prototipos,Nivel 3,Optimizar rendimiento de sistemas mecánicos
Universidad de Perpiñán,Licenciatura en Ciencias Políticas,Comprender instituciones contemporáneas,Nivel 1,Analizar discursos políticos
Universidad de Valenciennes,Maestría en Energía,Estudiar redes eléctricas,Nivel 2,Optimizar gestión de energía
Universidad de Versalles,Licenciatura en Informática,Diseñar bases de datos,Nivel 3,Optimizar consultas y modelos relacionales
Universidad de Cergy,Maestría en Finanzas,Analizar mercados financieros,Nivel 1,Aplicar herramientas de gestión de cartera
Universidad de La Rochelle,Licenciatura en Biología Marina,Estudiar fauna litoral,Nivel 2,Implementar seguimientos ecológicos
Universidad de Polinesia Francesa,Maestría en Ciencias Sociales,Estudiar dinámicas culturales,Nivel 3,Analizar transformaciones sociales
Universidad de Guayana,Licenciatura en Derecho Internacional,Estudiar convenios globales,Nivel 1,Conocer jurisdicciones internacionales
Universidad de Nueva Caledonia,Maestría en Informática,Diseñar sistemas distribuidos,Nivel 2,Gestionar seguridad de redes
Universidad de Ginebra,Licenciatura en Psicología Cognitiva,Estudiar procesos mentales,Nivel 3,Implementar experimentos en neurociencias
Universidad de Lausana,Maestría en Biotecnología,Desarrollar procesos innovadores,Nivel 1,Conducir experimentos controlados
Universidad de Bruselas,Licenciatura en Historia,Analizar dinastías europeas,Nivel 2,Explotar archivos históricos
Universidad de Lieja,Maestría en Comunicación Digital,Gestionar imagen de empresa,Nivel 3,Desarrollar estrategias multicanal
Universidad de Neuchâtel,Licenciatura en Matemáticas Aplicadas,Estudiar probabilidades,Nivel 1,Resolver problemas estadísticos
Universidad de Friburgo,Maestría en Filosofía,Estudiar pensamiento moderno,Nivel 2,Redactar análisis filosóficos profundos
Universidad de Luxemburgo,Licenciatura en Informática,Aprender estructuras de datos,Nivel 3,Diseñar algoritmos eficaces
Universidad de Montreal,Maestría en Derecho Civil,Analizar reglas de responsabilidad,Nivel 1,Estudiar casos concretos en derecho civil
Universidad de Laval,Licenciatura en Sociología,Estudiar comportamientos sociales,Nivel 2,Realizar encuestas de campo
Universidad de Ottawa,Maestría en Ingeniería,Diseñar prototipos técnicos,Nivel 3,Optimizar rendimiento de sistemas
Universidad de Toronto,Licenciatura en Psicología,Estudiar memoria y aprendizaje,Nivel 1,Administrar pruebas cognitivas
Universidad de Quebec,Maestría en Historia,Estudiar colonización,Nivel 2,Analizar impactos culturales
Universidad McGill,Licenciatura en Física,Estudiar mecánica cuántica,Nivel 3,Aplicar ecuación de Schrödinger
Universidad Harvard,Maestría en Biología,Analizar genoma humano,Nivel 1,Utilizar técnicas de secuenciación
Universidad MIT,Licenciatura en Informática,Aprender algoritmos,Nivel 2,Optimizar cálculos numéricos
Universidad Stanford,Maestría en Neurociencias,Estudiar sinapsis,Nivel 3,Diseñar modelos de plasticidad cerebral
Universidad Berkeley,Licenciatura en Sociología,Analizar movimientos sociales,Nivel 1,Realizar investigaciones cualitativas
Universidad Yale,Maestría en Matemáticas,Estudiar análisis funcional,Nivel 2,Demostrar teoremas complejos
Universidad Princeton,Licenciatura en Literatura,Analizar obras clásicas,Nivel 3,Producción de análisis comparativos
Universidad Columbia,Maestría en Relaciones Internacionales,Estudiar políticas exteriores,Nivel 1,Analizar estrategias diplomáticas
Universidad de Chicago,Licenciatura en Economía,Analizar mercados globales,Nivel 2,Construir modelos económicos
Universidad de Cambridge,Maestría en Química Orgánica,Desarrollar reacciones de síntesis,Nivel 3,Diseñar moléculas complejas
Universidad de Oxford,Licenciatura en Informática,Estudiar lenguajes de programación,Nivel 1,Programar en Python y C++
Universidad de Melbourne,Maestría en Educación,Desarrollar dispositivos pedagógicos,Nivel 2,Implementar enfoques innovadores
Universidad de Sídney,Licenciatura en Biología,Estudiar evolución,Nivel 3,Analizar fósiles y genomas
Universidad de Tokio,Maestría en Derecho,Estudiar derecho mercantil,Nivel 1,Redactar contratos comerciales
Universidad de Kioto,Licenciatura en Informática,Aprender programación web,Nivel 2,Desarrollar sitios dinámicos
Universidad de Pekín,Maestría en Ingeniería Civil,Diseñar estructuras,Nivel 3,Optimizar resistencia de materiales
Universidad Tsinghua,Licenciatura en Física,Estudiar campos electromagnéticos,Nivel 1,Aplicar ecuaciones de Maxwell
Universidad de Hong Kong,Maestría en Comunicación,Estudiar medios,Nivel 2,Analizar redes sociales
Universidad de Singapur,Licenciatura en Química,Aprender reacciones químicas,Nivel 3,Realizar análisis espectroscópicos
Universidad de Seúl,Maestría en Informática,Programar aplicaciones móviles,Nivel 1,Usar frameworks multiplataforma
Universidad de Delhi,Licenciatura en Derecho,Estudiar derecho constitucional,Nivel 2,Redactar estudios de caso
Universidad de El Cairo,Maestría en Arqueología,Estudiar restos antiguos,Nivel 3,Analizar sitios arqueológicos
Universidad de Casablanca,Licenciatura en Economía,Estudiar políticas monetarias,Nivel 1,Analizar inflación y crecimiento
Universidad de Rabat,Maestría en Gestión,Analizar estrategia empresarial,Nivel 2,Implementar planes de negocio
Universidad de Túnez,Licenciatura en Historia,Estudiar imperios antiguos,Nivel 3,Constituir dossiers temáticos
Universidad de Argel,Maestría en Informática,Diseñar software,Nivel 1,Programar en lenguaje orientado a objetos
Universidad de Dakar,Licenciatura en Ciencias Sociales,Estudiar dinámicas familiares,Nivel 2,Realizar investigaciones cualitativas
Universidad de Abidján,Maestría en Finanzas,Analizar mercados financieros africanos,Nivel 3,Elaborar estrategias de inversión
Universidad de Bamako,Licenciatura en Biología,Estudiar ecosistemas,Nivel 1,Observar biodiversidad local
Universidad de Lomé,Maestría en Salud Pública,Analizar políticas de salud,Nivel 2,Evaluar efectividad de programas
Universidad de Kinshasa,Licenciatura en Informática,Aprender bases de programación,Nivel 3,Diseñar sistemas de información
Universidad de Addis Abeba,Maestría en Economía,Estudiar desarrollo,Nivel 1,Analizar indicadores económicos
Universidad de Johannesburgo,Licenciatura en Derecho,Estudiar sistemas jurídicos,Nivel 2,Comparar legislaciones internacionales
Universidad de Sao Paulo,Maestría en Ciencias Políticas,Analizar gobernanza,Nivel 3,Proponer reformas sociales
Universidad de Río de Janeiro,Licenciatura en Biología,Estudiar fauna local,Nivel 1,Observar ecosistemas tropicales
Universidad de Buenos Aires,Maestría en Comunicación,Analizar comunicación pública,Nivel 2,Elaborar estrategias de comunicación
Universidad de Santiago de Chile,Licenciatura en Informática,Estudiar bases de datos,Nivel 3,Optimizar sistemas relacionales
Universidad de México,Maestría en Física,Estudiar propiedades de la materia,Nivel 1,Aplicar leyes de termodinámica
Universidad de Bogotá,Licenciatura en Historia,Estudiar colonización,Nivel 2,Analizar fuentes primarias
Universidad de Lima,Maestría en Derecho Internacional,Analizar tratados mundiales,Nivel 3,Comparar jurisdicciones internacionales
Universidad de Caracas,Licenciatura en Matemáticas,Estudiar álgebra lineal,Nivel 1,Resolver sistemas de ecuaciones
Universidad de Quito,Maestría en Medio Ambiente,Estudiar biodiversidad,Nivel 2,Implementar estrategias de conservación
Universidad de Madrid,Licenciatura en Psicología,Analizar comportamiento humano,Nivel 3,Realizar pruebas psicométricas
Universidad de Barcelona,Maestría en Historia,Estudiar Renacimiento,Nivel 1,Analizar obras y fuentes
Universidad de Sevilla,Licenciatura en Derecho,Estudiar derecho penal,Nivel 2,Redactar casos prácticos
Universidad de Roma,Maestría en Filosofía,Estudiar pensadores antiguos,Nivel 3,Producción de análisis críticos
Universidad de Milán,Licenciatura en Sociología,Estudiar estructuras sociales,Nivel 1,Realizar investigaciones de campo
Universidad de Berlín,Maestría en Informática,Desarrollar software,Nivel 2,Optimizar arquitecturas orientadas a servicios
Universidad de Múnich,Licenciatura en Química,Estudiar reacciones orgánicas,Nivel 3,Sintetizar moléculas complejas
Universidad de Hamburgo,Maestría en Economía,Analizar mercados internacionales,Nivel 1,Elaborar previsiones económicas
Universidad de Viena,Licenciatura en Filosofía,Estudiar corrientes modernas,Nivel 2,Redactar ensayos filosóficos
Universidad de Praga,Maestría en Historia del Arte,Analizar estilos artísticos,Nivel 3,Comparar escuelas pictóricas
Universidad de Varsovia,Licenciatura en Informática,Estudiar programación web,Nivel 1,Desarrollar sitios interactivos
Universidad de Budapest,Maestría en Física,Analizar partículas subatómicas,Nivel 2,Experimentar en física nuclear
Universidad de Atenas,Licenciatura en Arqueología,Estudiar sitios antiguos,Nivel 3,Realizar excavaciones arqueológicas
Universidad de Estambul,Maestría en Relaciones Internacionales,Analizar relaciones regionales,Nivel 1,Estudiar tratados contemporáneos
Universidad de Moscú,Licenciatura en Matemáticas,Estudiar análisis real,Nivel 2,Establecer demostraciones avanzadas
Universidad de San Petersburgo,Maestría en Biología,Estudiar genética,Nivel 3,Conducir experimentos en laboratorio
Universidad de Oslo,Licenciatura en Economía,Estudiar sistemas financieros,Nivel 1,Analizar flujos de capital
Universidad de Estocolmo,Maestría en Informática,Estudiar ciberseguridad,Nivel 2,Implementar auditorías de seguridad
Universidad de Helsinki,Licenciatura en Ciencias Políticas,Estudiar instituciones,Nivel 3,Comparar sistemas democráticos
Universidad de Copenhague,Maestría en Medicina,Estudiar anatomía humana,Nivel 1,Aplicar protocolos médicos
Universidad de Dublín,Licenciatura en Literatura,Estudiar poesía irlandesa,Nivel 2,Producción de análisis textuales
Universidad de Edimburgo,Maestría en Física,Estudiar mecánica cuántica,Nivel 3,Realizar experimentos en laboratorio
Universidad de Glasgow,Licenciatura en Informática,Estudiar algoritmos,Nivel 1,Desarrollar programas eficientes
Universidad de Cardiff,Maestría en Química,Estudiar polímeros,Nivel 2,Sintetizar nuevos materiales
Universidad de Birmingham,Licenciatura en Historia,Estudiar revolución industrial,Nivel 3,Analizar fuentes históricas
Universidad de Manchester,Maestría en Matemáticas,Estudiar estadísticas,Nivel 1,Aplicar métodos probabilísticos
Universidad de Leeds,Licenciatura en Psicología,Analizar personalidad,Nivel 2,Implementar cuestionarios validados
Universidad de Bristol,Maestría en Biología,Estudiar biodiversidad marina,Nivel 3,Elaborar estrategias de protección
Universidad de Liverpool,Licenciatura en Sociología,Estudiar comunidades,Nivel 1,Analizar interacciones sociales
Universidad de Sheffield,Maestría en Ingeniería Civil,Estudiar infraestructuras,Nivel 2,Optimizar durabilidad de construcciones
Universidad de Newcastle,Licenciatura en Informática,Estudiar sistemas operativos,Nivel 3,Desarrollar núcleos ligeros
Universidad de Cambridge Anglia Ruskin,Maestría en Educación,Desarrollar pedagogía,Nivel 1,Implementar métodos activos
Universidad de Oxford Brookes,Licenciatura en Economía,Analizar mercados locales,Nivel 2,Construir modelos microeconómicos