Florian;Caron;florian.caron132@example.edu;Étudiant en histoire ancienne, fasciné par les mythologies comparées et la linguistique latine. Rédige un mémoire sur la guerre punique.;Docteur en histoire médiévale, passionné par la recherche documentaire et les récits croisés des sources primaires.
Julie;Morel;julie.morel947@example.edu;Étudiante en écologie urbaine, s intéresse aux interactions entre biodiversité et aménagement du territoire. Travaille sur un projet de verdissement des campus.;Ecologue spécialisée, intègre des sorties sur le terrain et l utilisation de drones pour la cartographie.
Mehdi;Roux;mehdi.roux243@example.edu;Étudiant en cybersécurité, pratique le pentesting éthique. Participe à des concours de capture de drapeau (CTF) en équipe.;Ingénieur en sécurité réseau, inscrit ses cours dans des scénarios de gestion de crise informatique.
Camille;Giraud;camille.giraud791@example.edu;Étudiante en arts plastiques, explore la relation entre matière recyclée et processus de création contemporaine. Prépare une exposition locale.;Artiste et enseignante, propose des ateliers de pratiques artistiques dans des lieux alternatifs.
Esteban;Benoit;esteban.benoit385@example.edu;Étudiant en communication digitale, développe des campagnes de sensibilisation sur la fracture numérique. Aide bénévolement des associations.;Stratégiste numérique, met l accent sur la narration de marque et les réseaux sociaux en transformation.
Louise;Rodriguez;louise.rodriguez620@example.edu;Étudiante en lettres modernes, passionnée de poésie du XXe siècle. Anime un club de lecture autour de la modernité poétique.;Professeure de littérature comparée, combine cours magistraux et écriture créative encadrée.
Nina;Andre;nina.andre458@example.edu;Étudiante en animation 3D, souhaite créer son propre court métrage d ici la fin de l année. Utilise Blender et Unity.;Graphiste senior, encadre ses étudiants par des projets concrets en partenariat avec des studios indépendants.
Jules;Robin;jules.robin112@example.edu;Étudiant en sciences politiques, engagé dans des campagnes locales. Prépare un mémoire sur les effets du lobbying en Europe.;Politologue et observateur électoral, encourage l analyse critique des processus de décision démocratique.
Sarah;Dupont;sarah.dupont567@example.edu;Étudiante en pharmacie, recherche sur les médecines traditionnelles. Stage en officine et bénévolat dans une association de santé.;Pharmacienne clinicienne, favorise apprentissage par problèmes et mise en situation professionnelle.
Thomas;Lambert;thomas.lambert234@example.edu;Étudiant en génie civil, passionné par les structures durables. Projet de fin d études sur un pont piétonnier écologique.;Ingénieur structures, utilise des logiciels de modélisation 3D pour enseigner le calcul de résistance des matériaux.
Marie;Lefevre;marie.lefevre789@example.edu;Étudiante en psychologie, spécialisée en développement de l enfant. Stage en crèche et centre de loisirs.;Psychologue clinicienne, organise des séminaires pratiques avec études de cas réels.
Hugo;Martin;hugo.martin445@example.edu;Étudiant en économie, analyse l impact des cryptomonnaies sur les marchés financiers. Trading algorithmique en amateur.;Économiste et ancien trader, partage son expérience pratique des salles de marché.
Emma;Bernard;emma.bernard901@example.edu;Étudiante en journalisme, rédactrice en chef du journal étudiant. Stage prévu à Radio France.;Journaliste de terrain, enseigne les techniques d interview et le fact-checking.
Lucas;Petit;lucas.petit678@example.edu;Étudiant en physique quantique, fasciné par la cryptographie quantique. Membre du club de sciences.;Chercheur au CNRS, associe cours théoriques et expériences en laboratoire.
Chloé;Durand;chloe.durand345@example.edu;Étudiante en marketing digital, développe une application de fidélisation client. Passionnée de growth hacking.;Consultante en marketing, utilise des cas réels d entreprises pour ses cours.
Antoine;Moreau;antoine.moreau123@example.edu;Étudiant en droit des affaires, stage en cabinet d avocats. Participation aux concours de plaidoirie.;Avocat spécialisé, organise des simulations de procès et négociations commerciales.
Léa;Simon;lea.simon456@example.edu;Étudiante en biologie marine, projet de recherche sur les récifs coralliens. Plongée scientifique.;Biologiste marin, emmène régulièrement ses étudiants en mission sur le terrain.
Maxime;Roux;maxime.roux789@example.edu;Étudiant en informatique, développe des applications web en freelance. Contributeur open source.;Développeur senior, privilégie les projets pratiques et le travail en équipe.
Manon;Fontaine;manon.fontaine234@example.edu;Étudiante en architecture, conception de maisons passives. Projet sur la réhabilitation urbaine.;Architecte DPLG, organise des visites de chantier et workshops de conception.
Gabriel;Michel;gabriel.michel567@example.edu;Étudiant en musique, composition électronique et musique classique. Concerts au conservatoire.;Compositeur reconnu, associe théorie musicale et pratique instrumentale.
Inès;Leroy;ines.leroy890@example.edu;Étudiante en relations internationales, stage à l ONU prévu. Parle 4 langues couramment.;Diplomate de carrière, partage son expérience des négociations internationales.
Paul;Garcia;paul.garcia123@example.edu;Étudiant en médecine vétérinaire, bénévole refuge animalier. Stage en clinique équine.;Vétérinaire praticien, combine cours théoriques et cas cliniques réels.
Alice;Martinez;alice.martinez456@example.edu;Étudiante en design graphique, création d identités visuelles pour associations. Portfolio primé.;Designer freelance, encourage la créativité et l innovation dans ses cours.
Victor;Robert;victor.robert789@example.edu;Étudiant en géologie, cartographie des zones sismiques. Passion pour la vulcanologie.;Géologue de terrain, organise des excursions d études géologiques.
Jade;Dubois;jade.dubois234@example.edu;Étudiante en sociologie, enquête sur les réseaux sociaux et le lien social. Méthodologie qualitative.;Sociologue urbaine, favorise les enquêtes de terrain et observations participantes.
Adam;Laurent;adam.laurent567@example.edu;Étudiant en philosophie, recherche sur l éthique de l intelligence artificielle. Anime un café philo.;Philosophe publié, encourage le débat et la réflexion critique en cours.
Eva;Blanc;eva.blanc890@example.edu;Étudiante en chimie, recherche sur les matériaux recyclables. Stage en laboratoire R&D.;Chimiste industrielle, alterne théorie et expériences pratiques.
Alexandre;Rousseau;alexandre.rousseau123@example.edu;Étudiant en cinéma, réalisation de courts-métrages documentaires. Festival étudiant.;Réalisateur professionnel, encadre des projets de films collectifs.
Sofia;Legrand;sofia.legrand456@example.edu;Étudiante en commerce international, projet import-export. Stage en entreprise logistique.;Consultante en commerce international, utilise des études de cas réelles.
Nathan;Faure;nathan.faure789@example.edu;Étudiant en robotique, développement de drones autonomes. Concours de robotique.;Ingénieur robotique, supervise des projets pratiques innovants.
Clara;Rey;clara.rey234@example.edu;Étudiante en sciences de l éducation, recherche sur les pédagogies alternatives. Stage en école Montessori.;Formatrice en pédagogie, favorise l expérimentation de nouvelles méthodes.
Louis;Marchand;louis.marchand567@example.edu;Étudiant en agronomie, projet sur l agriculture urbaine. Stage en ferme permaculture.;Agronome spécialisé, combine théorie agronomique et pratique sur le terrain.
Anna;Fournier;anna.fournier890@example.edu;Étudiante en danse contemporaine, chorégraphie sur les questions environnementales. Spectacles universitaires.;Chorégraphe professionnelle, développe la créativité et technique en parallèle.
Théo;Girard;theo.girard123@example.edu;Étudiant en énergies renouvelables, projet éolien participatif. Stage bureau d études.;Ingénieur en énergies vertes, privilégie les projets concrets et innovants.
Zoé;Bonnet;zoe.bonnet456@example.edu;Étudiante en psychomotricité, recherche sur le développement moteur. Stage en EHPAD.;Psychomotricienne expérimentée, alterne théorie et pratique clinique.
Arthur;Carre;arthur.carre789@example.edu;Étudiant en management du sport, organisation événements sportifs. Stage club professionnel.;Manager sportif, partage son expérience terrain et réseau professionnel.
Lena;Clement;lena.clement234@example.edu;Étudiante en neurosciences, recherche sur la mémoire émotionnelle. Stage laboratoire cognitif.;Neuroscientifique, associe cours théoriques et manipulation en laboratoire.
Tom;Nguyen;tom.nguyen567@example.edu;Étudiant en génie logiciel, développement applications mobiles santé. Hackathons réguliers.;Architecte logiciel, encourage les méthodologies agiles et projets d équipe.
Margot;Roy;margot.roy890@example.edu;Étudiante en histoire de l art, guide musée le weekend. Spécialisation art contemporain.;Conservatrice de musée, organise des visites et ateliers pratiques.
Raphaël;Masson;raphael.masson123@example.edu;Étudiant en acoustique, conception salles de concert. Musicien amateur.;Ingénieur acousticien, combine théorie physique et projets audio pratiques.
Emma;Perrin;emma.perrin456@example.edu;Étudiante en théâtre, mise en scène pièces contemporaines. Festival universitaire.;Metteure en scène, développe expression corporelle et technique théâtrale.
Simon;Gautier;simon.gautier789@example.edu;Étudiant en urbanisme, projet réaménagement quartier historique. Stage collectivité.;Urbaniste municipal, partage expérience terrain et conception participative.
Julia;Bertrand;julia.bertrand234@example.edu;Étudiante en nutrition, recherche sur alimentation durable. Blog nutrition santé.;Nutritionniste clinicienne, associe théorie nutritionnelle et cas pratiques.
Dylan;Lemoine;dylan.lemoine567@example.edu;Étudiant en mécanique automobile, spécialisation véhicules électriques. Concours innovation.;Ingénieur automobile, utilise simulateurs et ateliers pratiques.
Léa;Barbier;lea.barbier890@example.edu;Étudiante en design produit, création mobilier écoresponsable. Exposition fin d année.;Designer industrielle, encourage prototypage rapide et innovation durable.
Mathis;Hubert;mathis.hubert123@example.edu;Étudiant en intelligence artificielle, développement algorithmes prédictifs. Stage start-up IA.;Data scientist senior, combine théorie mathématique et projets concrets.
Laura;Renard;laura.renard456@example.edu;Étudiante en physiothérapie, recherche rééducation sportive. Stage cabinet kiné.;Kinésithérapeute du sport, alterne cours théoriques et pratique clinique.
Romain;Dupuis;romain.dupuis789@example.edu;Étudiant en photographie, reportages sociaux et environnementaux. Exposition itinérante.;Photographe professionnel, enseigne technique et regard artistique.
Anaïs;Chevallier;anais.chevallier234@example.edu;Étudiante en développement durable, projet recyclage campus. Association écologique.;Consultante environnement, privilégie projets terrain et études impact.
Bastien;Meunier;bastien.meunier541@example.edu;Étudiant en santé publique, mène une enquête sur l’accès aux soins en zone rurale. Travaille avec une association de terrain.;Expert en épidémiologie, utilise les données réelles pour initier ses étudiants à l’analyse statistique.
Claire;Adam;claire.adam891@example.edu;Étudiante en langues, passionnée par la traduction littéraire. Projet sur les œuvres hispano-américaines contemporaines.;Traductrice littéraire, accompagne ses étudiants dans la découverte de la précision lexicale et stylistique.
Matéo;Marchal;mateo.marchal721@example.edu;Étudiant en audio numérique, pratique la prise de son sur le terrain. Enregistre des ambiances pour des projets multimédias.;Ingénieur du son, met ses étudiants en situation professionnelle à l’aide d’équipements studio avancés.
Eléa;Noël;elea.noel332@example.edu;Étudiante en sciences de l'information, s'intéresse aux systèmes de documentation numérique dans l’enseignement supérieur.;Archiviste et documentaliste, guide les élèves à travers des systèmes de gestion documentaire modernes.
Ismaël;Pires;ismael.pires654@example.edu;Étudiant en logistique, simule des chaînes d’approvisionnement pour des produits médicaux. Travail en binôme avec école partenaire.;Consultant supply chain, propose à ses étudiants des études de cas réels sur les flux logistiques.
Anouk;Perrot;anouk.perrot713@example.edu;Étudiante en médiation culturelle, organise des événements dans des quartiers prioritaires. Projet sur le théâtre ambulant.;Spécialiste des publics, base ses cours sur des expériences concrètes de terrain et des retours d'usagers.
Martin;Hebert;martin.hebert136@example.edu;Étudiant en sciences de la décision, utilise des modèles pour prédire les préférences des utilisateurs. Travaille avec une start-up tech.;Chercheur en mathématiques décisionnelles, combine modèles théoriques et cas pratiques en entreprise.
Juliette;Baron;juliette.baron958@example.edu;Étudiante en traduction technique, s’exerce sur des textes juridiques et techniques. Travaille sur la terminologie bilingue.;Traductrice assermentée, forme ses étudiants avec des documents complexes et outils de TAO.
Ilian;Guichard;ilian.guichard479@example.edu;Étudiant en jeux vidéos, développement en Unreal Engine. Création d’un jeu en mode coopératif sur l’environnement.;Game designer expérimenté, accompagne les étudiants de l’idée au prototype jouable.
Yasmine;Fernandes;yasmine.fernandes267@example.edu;Étudiante en sociologie de la santé, enquête sur les parcours des patients atteints de maladies chroniques.;Sociologue de la santé, veille à intégrer des témoignages vécus dans la construction des cours.
Loïc;Poulain;loic.poulain823@example.edu;Étudiant en statistique appliquée, analyse de grandes séries chronologiques de données économiques.;Statisticien appliqué, propose des études réelles tirées de banques nationales et instituts d’analyse.
Salomé;Da Silva;salome.dasilva134@example.edu;Étudiante en anthropologie, travaille sur les traditions funéraires en Asie du Sud-Est. Mission au Cambodge prévue.;Anthropologue de terrain, met l’accent sur la rigueur ethnographique et la diversité des sources.
Noam;Guillet;noam.guillet522@example.edu;Étudiant en énergies marines, étude sur les hydroliennes. Maquette présentée lors d’un salon scientifique étudiant.;Ingénieur dans le secteur maritime, base ses évaluations sur la conception et le prototypage de systèmes réels.
Capucine;Teixeira;capucine.teixeira688@example.edu;Étudiante en littérature jeunesse, analyse l’évolution de la figure du monstre dans les albums illustrés.;Spécialiste en littérature jeunesse, conçoit des ateliers en lien avec les maisons d’édition.
Timéo;Bouchet;timeo.bouchet944@example.edu;Étudiant en éducation physique, projet autour de l’intégration des jeunes en difficulté par le sport. Stage en MJC.;Entraîneur sportif et enseignant, mise sur la pédagogie de projet pour développer les compétences motrices.
Myriam;Charles;myriam.charles348@example.edu;Étudiante en graphisme motion design, réalise des clips animés à but éducatif. Récompensée lors d’un festival local.;Motion designer senior, initie les étudiants au design narratif et à l’animation expérimentale.
Maël;Philippe;mael.philippe261@example.edu;Étudiant en mathématiques fondamentales, travaille sur les groupes de Lie dans le cadre d’un programme de recherche.;Mathématicien théorique, structure ses cours autour d’exercices sous forme de défis collaboratifs.
Amandine;Laporte;amandine.laporte739@example.edu;Étudiante en science politique, spécialisée sur les discours populistes. Analyse de corpus médiatique en cours.;Analyste politique, associe travaux dirigés et conférences d’intervenants sur les mouvements contemporains.
Ryan;Marin;ryan.marin106@example.edu;Étudiant en scénographie, contribue à la mise en scène d’une pièce universitaire. Focalisé sur les environnements immersifs.;Scénographe de métier, partage sa pratique atelier avec mise en situation scénique réelle.
Océane;Gomez;oceane.gomez865@example.edu;Étudiante en langues orientales, apprentissage intensif du coréen. Prépare un voyage universitaire à Séoul.;Linguiste et ancienne expatriée, valorise l’immersion langagière et la culture locale dans ses cours.
Sven;René;sven.rene702@example.edu;Étudiant en philosophie politique, dissertation sur la légitimité du pouvoir technocratique contemporain.;Philosophe politique, structure ses sessions autour de débats modérés et analyses comparées.
Tina;Rolland;tina.rolland192@example.edu;Étudiante en climatologie, développe un modèle météo simplifié avec Python. Présentation prévue lors du colloque régional.;Climatologue impliquée dans les conférences scientifiques, relie chaque chapitre à une actualité environnementale.
Nassim;Lemoine;nassim.lemoine650@example.edu;Étudiant en histoire de l’art médiéval, prépare une analyse des vitraux de Chartres à travers les siècles.;Chercheuse en arts visuels, met en lien patrimoine et iconographie dans ses enseignements.
Elisa;Joly;elisa.joly837@example.edu;Étudiante en immobilier, stage en cabinet d’expertise foncière. Développe une méthodologie d’estimation des biens atypiques.;Experte immobilière, propose des études de cas et simulations de négociation immobilière.
Kylian;Ben Ali;kylian.benali493@example.edu;Étudiant en électronique embarquée, construit un appareil domotique open source. Travaille en FabLab étudiant.;Ingénieur électronique, accorde une grande place au prototypage rapide et aux tests terrain.
Ambre;Robin;ambre.robin739@example.edu;Étudiante en psychologie sociale, s’intéresse aux mécanismes de discrimination implicite. Enquête dans différents contextes.;Psychologue spécialisée, planifie des expérimentations en groupe avec retour réflexif.
Cyril;Leclerc;cyril.leclerc382@example.edu;Étudiant en astronomie, programme d’analyse d’étoiles binaires à travers une base de données publique.;Astrophysicien, enseigne par l’observation et l’interprétation de données réelles.
Maé;Gilbert;mae.gilbert248@example.edu;Étudiante en communication politique, projet de veille médiatique sur les campagnes numériques des partis locaux.;Spécialiste en rhétorique et analyse électorale, corrèle les chiffres aux tendances de fond dans ses cours.
Eden;Morin;eden.morin195@example.edu;Étudiant en langue française appliquée, s’intéresse à l’évolution du vocabulaire en entreprise depuis les années 2000.;Lexicographe, amène les étudiants à monter leur propre corpus thématique.
Corentin;Colin;corentin.colin916@example.edu;Étudiant en marketing d’influence, étudie les mécanismes de viralité sur TikTok. Anime une communauté engagée.;Experte en marketing relationnel, propose des cas pratiques basés sur des partenariats de campagne réelle.
Zoé;David;zoe.david469@example.edu;Étudiante en design textile, expérimentations sur fibres naturelles et recyclées. Lancement d’une ligne artisanale.;Designeuse passionnée, travaille en co-création avec des artisans locaux et ateliers étudiants.
Sacha;Henry;sacha.henry351@example.edu;Étudiant en littérature comparée, analyse du mythe d’Orphée dans la poésie romantique et le cinéma moderne.;Spécialiste en intertextualité, promeut une lecture croisée entre les arts dans ses séminaires.
Maëlle;Cousin;maelle.cousin584@example.edu;Étudiante en droit européen, étude sur la protection des données personnelles. Participation à un cas simulé de la CJUE.;Juriste européenne, accompagne les travaux à partir d’exemples issus de la jurisprudence.
Maëlle;Cousin;maelle.cousin584@example.edu;Étudiante en droit européen, étude sur la protection des données personnelles. Participation à un cas simulé de la CJUE.;Juriste européenne, accompagne les travaux à partir d’exemples issus de la jurisprudence récente.
Marc;Delattre;marc.delattre132@example.edu;Étudiant en économie sociale et solidaire, participe à une coopérative étudiante de restauration bio.;Economiste engagé, propose des simulations de coopératives et des projets de finance responsable.
Camille;Paul;camille.paul245@example.edu;Étudiante en biotechnologie, travaille sur des enzymes dans les processus de recyclage chimique.;Experte en biochimie industrielle, organise des TP sur les procédés enzymatiques innovants.
Isaline;Jourdan;isaline.jourdan864@example.edu;Étudiante en ingénierie acoustique, élabore un dispositif de réduction sonore pour espaces publics.;Ingénieure du son, structure ses cours autour de mesures réelles en environnement urbain.
Thibault;Bodin;thibault.bodin457@example.edu;Étudiant en effet visuel, conçoit un univers réaliste pour un court-métrage de science-fiction.;Superviseur VFX, met en place des workflows professionnels adaptés à chaque projet étudiant.
Naëlle;Deschamps;naelle.deschamps729@example.edu;Étudiante en enseignement, crée des outils pédagogiques pour élèves dyslexiques. Stage en école inclusive.;Pédagogue spécialisée, met l’accent sur les dispositifs adaptatifs et la différenciation scolaire.
Corentin;Langlois;corentin.langlois303@example.edu;Étudiant en droit pénal international, participe à une simulation de tribunal pénal. Recherche sur la compétence universelle.;Juriste pénaliste, organise des cas pratiques basés sur des procès réels à l'international.
Lina;Perret;lina.perret118@example.edu;Étudiante en relations presse, organise une conférence sur les fake news. Publication dans le journal universitaire.;Ex-responsable RP, propose des mises en situation de gestion de crise médiatique.
Maxence;Le Gall;maxence.legall871@example.edu;Étudiant en génie des matériaux, conçoit des polymères biodégradables pour l’emballage. Projet industrialisable.;Chercheur en matériaux éco-innovants, associe veille scientifique et travaux de laboratoire.
Elora;Mehdi;elora.mehdi214@example.edu;Étudiante en dramaturgie, analyse des pièces engagées sur les questions de genre. Participe à une mise en scène d’auteur.;Dramaturge en résidence, transmet l’art d’écrire et lire le théâtre de manière critique.
Nils;Arnaud;nils.arnaud682@example.edu;Étudiant en astrophysique, travaille sur les ondes gravitationnelles et la simulation de collision de trous noirs.;Chercheur CNRS, initie les étudiants aux grands enjeux contemporains de la cosmologie.
Anissa;Pineau;anissa.pineau533@example.edu;Étudiante en médiation scientifique, création d’un podcast vulgarisé en astronomie. Podcast publié chaque mois.;Médiatrice scientifique professionnelle, propose projets interdisciplinaires adaptés au jeune public.
Laurent;Pascal;laurent.pascal366@example.edu;Étudiant en analyse financière, suit l’évolution des marchés crypto. Prépare la certification AMF.;Analyste financier senior, guide les élèves à travers les mathématiques appliquées à la finance des marchés.
Alyssa;Vogel;alyssa.vogel915@example.edu;Étudiante en orthophonie, s’investit dans la rééducation des troubles phonologiques. Stage en centre spécialisé.;Orthophoniste expérimentée, partage son savoir par des études de cas concrets et évaluations détaillées.
Adrien;Navarro;adrien.navarro124@example.edu;Étudiant en UX design, mène une étude d’accessibilité pour une application mobile de transports.;Designer UX/UI avec dix ans d’expérience, met en place des tests utilisateurs pilotés.
Sandra;Texier;sandra.texier378@example.edu;Étudiante en génétique, participe à une recherche sur les maladies héréditaires rares. Collaboration avec INSERM.;Généticienne, propose des cours basés sur des données de séquençage réel.
Téo;Gil;teo.gil860@example.edu;Étudiant en mathématiques appliquées, développe un outil de modélisation des épidémies. Projet open-source.;Mathématicien et modélisateur, propose projets réalistes articulés autour de données publiques.
Celia;Paris;celia.paris545@example.edu;Étudiante en sociologie religieuse, enquête dans les communautés rurales. Analyse de la recomposition des pratiques.;Spécialiste en sciences sociales, encourage les enquêtes terrain et entretiens semi-directifs.
Khalil;Rodier;khalil.rodier376@example.edu;Étudiant en ingénierie agronome, projet de microferme en aquaponie urbaine. Travail de terrain en zone périurbaine.;Agronome écologue, allie théorie agronomique, écologie et pratiques agricoles durables.
Clémence;Lebon;clemence.lebon924@example.edu;Étudiante en archéologie, fouilles en Égypte dans le désert occidental. Rédige un rapport de mission.;Archéologue terrain, invite ses étudiants à participer à ses campagnes avec encadrement intensif.
Yanis;Collet;yanis.collet112@example.edu;Étudiant en microélectronique, développe un circuit ultra-basse consommation pour usage médical. Projet primé nationalement.;Ingénieur en microcomposants, encadre travaux complexes avec documentation professionnelle.
Faustine;Riou;faustine.riou733@example.edu;Étudiante en stratégie marketing, pilote une étude sur le comportement d’achat des jeunes générations.;Consultante stratégie, met en avant l’analyse comportementale par l’expérimentation.
Matthieu;Leclercq;matthieu.leclercq349@example.edu;Étudiant en éco-construction, conception d’un habitat autonome en énergie. Travaux pratiques sur chantier école.;Architecte spécialisé, enseigne à travers la mise en œuvre théorique et concrète sur site.
Lucie;Vasseur;lucie.vasseur697@example.edu;Étudiante en design d’espace, transforme une salle vide en bibliothèque collaborative. Projet réalisé sur le campus.;Architecte d’intérieur, encadre des projets de conception dans des structures publiques.
Ibrahim;Monteiro;ibrahim.monteiro938@example.edu;Étudiant en gestion de patrimoine, prépare certification CIF. Étude comparative des produits soumis à fiscalité différée.;Formateur patrimonial, propose études approfondies sur les régimes juridiques des investissements.
Eva;Chartier;eva.chartier479@example.edu;Étudiante en arts sonores, création de bandes-son immersives pour installations interactives. Partenaire d’un musée local.;Compositrice de paysage sonore, associe écriture sensible et expériences techniques.
Lenny;Hardy;lenny.hardy126@example.edu;Étudiant en ethnobotanique, collecte les usages traditionnels des plantes en montagne. Travail de terrain dans les Alpes.;Botaniste anthropologue, enseigne l’observation et la rigueur scientifique sur sites naturels.
Oriane;Delorme;oriane.delorme257@example.edu;Étudiante en gestion culturelle, suit la mise en œuvre d’un festival régional. Bénévole dans des projets locaux.;Responsable culture, initie ses cours à travers la programmation d’événements concrets.
Killian;Tessier;killian.tessier480@example.edu;Étudiant en logistique portuaire, modélisation d'un terminal à conteneurs. Stage à Marseille-Fos prévu.;Responsable chaîne logistique, propose études de flux réels et organisation portuaire.
Inaya;Couturier;inaya.couturier518@example.edu;Étudiante en médiation animale, intervient auprès d’enfants en difficulté. Travaille avec une association spécialisée.;Zoothérapeute, construit ses enseignements autour d'ateliers vécus et observation de terrain.
Victor;Payet;victor.payet199@example.edu;Étudiant en médecine ostéopathique, pratique la correction posturale. Stage en clinique partenaire.;Ostéopathe D.O., alterne analyse biomécanique et formation des gestes en salle de manipulation.
Axelle;Descamps;axelle.descamps888@example.edu;Étudiante en géographie humaine, cartographie des mobilités rurales en déclin. Collaboration avec une commune.;Géographe urbaniste, enseigne en partant des diagnostics de territoire réels.
Sophie;Mercier;sophie.mercier431@example.edu;Étudiante en écologie marine, étude sur la pollution microplastique. Plongées régulières pour échantillonnage.;Biologiste marine, combine théorie et sorties en mer pour l'observation des écosystèmes.
Kevin;Schmitt;kevin.schmitt762@example.edu;Étudiant en génie climatique, développe un système de ventilation intelligent pour économies d'énergie.;Expert en thermique du bâtiment, utilise des cas réels de rénovation énergétique.
Agathe;Bouvier;agathe.bouvier159@example.edu;Étudiante en danse contemporaine, crée une chorégraphie sur le thème du changement climatique.;Chorégraphe professionnelle, enseigne technique et créativité par des ateliers pratiques.
Rayan;Bourgeois;rayan.bourgeois847@example.edu;Étudiant en commerce équitable, monte une filière de café direct producteur. Stage au Pérou.;Consultant en commerce durable, partage son expérience terrain des filières responsables.
Léonie;Guillot;leonie.guillot326@example.edu;Étudiante en pharmacologie, recherche sur les interactions médicamenteuses. Stage en laboratoire hospitalier.;Pharmacologue clinicienne, forme à partir de cas patients réels anonymisés.
Bastien;Renault;bastien.renault584@example.edu;Étudiant en cryptographie, développe un protocole de vote électronique sécurisé. Présentation en conférence.;Expert en sécurité numérique, propose des défis de cryptanalyse aux étudiants.
Emma;Brun;emma.brun953@example.edu;Étudiante en médiation culturelle, organise des visites adaptées pour public malvoyant au musée.;Médiatrice culturelle, développe des approches inclusives dans les institutions.
Lucas;Perrier;lucas.perrier741@example.edu;Étudiant en robotique médicale, prototype de bras assisté pour chirurgie mini-invasive.;Ingénieur robotique, supervise les projets de conception en équipe pluridisciplinaire.
Jade;Leblanc;jade.leblanc268@example.edu;Étudiante en design sonore, crée des ambiances pour jeux vidéo indépendants. Portfolio en ligne.;Designer sonore, enseigne la création audio pour médias interactifs.
Thomas;Faure;thomas.faure635@example.edu;Étudiant en psychologie cognitive, étudie l'impact des réseaux sociaux sur la mémoire de travail.;Chercheur en sciences cognitives, dirige des expériences en laboratoire.
Lola;Hubert;lola.hubert194@example.edu;Étudiante en arts plastiques, travaille sur le recyclage créatif. Exposition prévue à la galerie universitaire.;Artiste plasticienne, encourage l'expérimentation et la réflexion sur les matériaux.
Noah;Gautier;noah.gautier527@example.edu;Étudiant en génie civil, conçoit des structures antisismiques innovantes. Stage dans un bureau d'études.;Ingénieur structures, utilise des logiciels de simulation avancée dans ses cours.
Clara;Mathieu;clara.mathieu863@example.edu;Étudiante en anthropologie numérique, analyse les communautés de joueurs en ligne. Publication en cours.;Anthropologue spécialisée, combine méthodes traditionnelles et analyse de données numériques.
Antoine;Marechal;antoine.marechal392@example.edu;Étudiant en chimie verte, développe des catalyseurs biodégradables. Collaboration avec une start-up.;Chimiste industriel, met l'accent sur les procédés durables et l'innovation responsable.
Manon;Rey;manon.rey715@example.edu;Étudiante en archéologie préventive, participe aux fouilles urbaines. Documentation photographique détaillée.;Archéologue de terrain, forme aux techniques de fouilles et à la documentation scientifique.
Hugo;Meunier;hugo.meunier148@example.edu;Étudiant en physique des particules, analyse des données du CERN. Programme de recherche international.;Physicien théorique, associe cours fondamentaux et applications concrètes.
Emma;Berger;emma.berger576@example.edu;Étudiante en développement web, crée une plateforme pour artistes locaux. Utilise React et Node.js.;Développeuse full-stack, enseigne par projets concrets et méthodologie agile.
Louis;Colin;louis.colin924@example.edu;Étudiant en sciences politiques, analyse les mouvements citoyens. Stage dans un think tank.;Analyste politique, encourage la réflexion critique et le débat constructif.
Inès;Barbier;ines.barbier357@example.edu;Étudiante en neurosciences, étudie les mécanismes de la mémoire émotionnelle. Expériences en laboratoire.;Neuroscientifique, combine cours théoriques et travaux pratiques avancés.
Nathan;Schmitt;nathan.schmitt689@example.edu;Étudiant en intelligence artificielle, développe des algorithmes de reconnaissance vocale. Projet open source.;Data scientist, propose des cas pratiques tirés de problématiques industrielles.
Léa;Dupuis;lea.dupuis126@example.edu;Étudiante en art thérapie, intervient en centre psychiatrique. Approche par la peinture et le modelage.;Art thérapeute, partage son expérience clinique et ses méthodes thérapeutiques.
Gabriel;Rousseau;gabriel.rousseau458@example.edu;Étudiant en génie logiciel, développe une application de covoiturage universitaire. Tests utilisateurs en cours.;Architecte logiciel, guide les étudiants dans la conception de solutions robustes.
Alice;Girault;alice.girault795@example.edu;Étudiante en études théâtrales, met en scène une adaptation moderne de Molière. Festival universitaire.;Metteuse en scène, combine approche historique et création contemporaine.
Théo;Vidal;theo.vidal237@example.edu;Étudiant en énergies renouvelables, conçoit un système de stockage innovant. Prototype en développement.;Ingénieur énergéticien, favorise les projets pratiques et l'innovation technique.
Sarah;Perez;sarah.perez564@example.edu;Étudiante en psychologie sociale, étudie les dynamiques de groupe en entreprise. Stage RH prévu.;Psychologue organisationnelle, utilise des études de cas réels et jeux de rôle.
Lucas;Chevallier;lucas.chevallier892@example.edu;Étudiant en biotechnologie, travaille sur la production de protéines recombinantes. Publication en vue.;Chercheur en biotechnologie, associe théorie moléculaire et applications industrielles.
Chloé;Lemoine;chloe.lemoine319@example.edu;Étudiante en design d'interaction, crée des interfaces tactiles innovantes. Projet primé.;Designer UX, encourage l'innovation centrée utilisateur et le prototypage rapide.
Maxime;Boulanger;maxime.boulanger647@example.edu;Étudiant en mécanique des fluides, simule l'écoulement autour d'éoliennes. Stage industriel.;Ingénieur aérodynamicien, utilise des outils de simulation numérique avancés.
Louise;Guerin;louise.guerin184@example.edu;Étudiante en droit international, analyse les traités commerciaux post-Brexit. Publication juridique.;Juriste internationale, propose des analyses de cas contemporains.
Adam;Leger;adam.leger512@example.edu;Étudiant en architecture durable, conçoit un éco-quartier participatif. Consultation citoyenne.;Architecte urbaniste, intègre les enjeux environnementaux et sociaux dans ses cours.
Eva;Marchand;eva.marchand849@example.edu;Étudiante en médecine vétérinaire, stage en clinique équine. Spécialisation en orthopédie.;Vétérinaire spécialiste, combine enseignement théorique et pratique clinique.
Jules;Duval;jules.duval276@example.edu;Étudiant en communication digitale, gère les réseaux sociaux d'associations. Stratégie engagement.;Consultant digital, partage son expertise en stratégie de contenu et analytics.
Nina;Fournier;nina.fournier613@example.edu;Étudiante en géographie urbaine, cartographie les îlots de chaleur urbains. SIG et drones.;Géographe urbaniste, utilise les outils numériques pour l'analyse territoriale.
Simon;Girard;simon.girard945@example.edu;Étudiant en économie comportementale, étudie les biais de consommation. Enquêtes terrain.;Économiste comportemental, conduit des expériences avec les étudiants.
Emma;Roux;emma.roux372@example.edu;Étudiante en conservation patrimoniale, restaure des documents anciens. Stage aux archives.;Conservatrice experte, forme aux techniques de préservation et restauration.
Alexandre;Vincent;alexandre.vincent704@example.edu;Étudiant en génie électrique, développe un système de recharge sans fil. Prototype fonctionnel.;Ingénieur électricien, supervise des projets pratiques innovants.
Camille;Leroy;camille.leroy131@example.edu;Étudiante en linguistique, analyse l'évolution du langage sur les réseaux sociaux. Corpus numérique.;Linguiste computationnelle, combine analyse traditionnelle et outils numériques.
Paul;Morel;paul.morel468@example.edu;Étudiant en chimie des matériaux, synthétise des polymères conducteurs. Collaboration industrielle.;Chimiste des matériaux, encadre des projets de recherche appliquée.
Julie;Andre;julie.andre795@example.edu;Étudiante en ergothérapie, développe des outils adaptés pour seniors. Stage en EHPAD.;Ergothérapeute senior, forme à partir de situations cliniques réelles.
Mathis;Robert;mathis.robert232@example.edu;Étudiant en informatique quantique, programme des algorithmes de cryptographie. Recherche avancée.;Physicien quantique, initie aux concepts avancés par des simulations.
Laura;Dubois;laura.dubois569@example.edu;Étudiante en relations internationales, analyse les conflits commerciaux. Stage ambassade.;Diplomate de carrière, partage son expérience des négociations internationales.
Thomas;Marchal;thomas.marchal897@example.edu;Étudiant en génie acoustique, conçoit des solutions anti-bruit innovantes. Tests in situ.;Acousticien expert, combine théorie et mesures sur le terrain.
Léa;Dumont;lea.dumont334@example.edu;Étudiante en muséologie, monte une exposition numérique interactive. Médiation culturelle.;Conservatrice de musée, initie aux nouvelles approches muséographiques.
Hugo;Lemaire;hugo.lemaire671@example.edu;Étudiant en bioinformatique, analyse des données génomiques. Pipeline automatisé.;Bio-informaticien, enseigne les outils d'analyse de données biologiques.
Clara;Gauthier;clara.gauthier108@example.edu;Étudiante en photojournalisme, documente les transformations urbaines. Exposition itinérante.;Photojournaliste professionnelle, forme au reportage et à l'édition photo.
Antoine;Clement;antoine.clement445@example.edu;Étudiant en génie maritime, conçoit des systèmes de propulsion hybride. Stage chantier naval.;Ingénieur naval, utilise des logiciels de conception marine professionnels.
Marine;Roussel;marine.roussel782@example.edu;Étudiante en psychomotricité, travaille sur la rééducation post-AVC. Stage hospitalier.;Psychomotricienne spécialisée, encadre des séances pratiques supervisées.
Lucas;Garnier;lucas.garnier219@example.edu;Étudiant en marketing digital, lance une campagne virale sur TikTok. Analytics avancés.;Expert marketing digital, partage les dernières stratégies social media.
Sofia;Fabre;sofia.fabre556@example.edu;Étudiante en écologie forestière, étudie la régénération post-incendie. Terrain méditerranéen.;Écologue forestière, organise des sorties terrain et analyses écosystémiques.
Raphaël;Bertrand;raphael.bertrand893@example.edu;Étudiant en composition musicale, crée une œuvre pour orchestre numérique. Concert prévu.;Compositeur contemporain, enseigne les nouvelles technologies musicales.
Emma;Guillot;emma.guillot230@example.edu;Étudiante en droit de l'environnement, analyse les contentieux climatiques. Stage cabinet.;Juriste environnementale, utilise des cas jurisprudentiels récents.
Nathan;Bonnet;nathan.bonnet567@example.edu;Étudiant en intelligence artificielle, développe un assistant vocal éthique. Tests utilisateurs.;Chercheur en IA, sensibilise aux enjeux éthiques des systèmes autonomes.
Chloé;Lacroix;chloe.lacroix904@example.edu;Étudiante en anthropologie médicale, étudie les pratiques de soin traditionnelles. Terrain Asie.;Anthropologue médicale, combine approches ethnographique et sanitaire.
Maxime;Caron;maxime.caron341@example.edu;Étudiant en génie des procédés, optimise une unité de recyclage plastique. Stage industriel.;Ingénieur procédés, forme aux outils de simulation industrielle.
Louise;Meunier;louise.meunier678@example.edu;Étudiante en arts numériques, crée des installations interactives. Exposition galerie.;Artiste numérique, encourage l'expérimentation technologique créative.
Gabriel;Perrin;gabriel.perrin115@example.edu;Étudiant en physique des matériaux, étudie les supraconducteurs. Laboratoire spécialisé.;Physicien des matériaux, associe théorie quantique et expérimentation.
Sarah;Renaud;sarah.renaud452@example.edu;Étudiante en ergonomie, analyse les postes de travail télétravail. Recommandations RH.;Ergonome consultante, applique les principes à des situations réelles.
Lucas;Schmitt;lucas.schmitt789@example.edu;Étudiant en développement mobile, crée une app de partage local. Beta-test en cours.;Développeur mobile senior, guide les projets de la conception au déploiement.
Emma;Leclerc;emma.leclerc126@example.edu;Étudiante en histoire médiévale, recherche sur les manuscrits enluminés. Archives nationales.;Historienne spécialiste, forme aux méthodes de recherche documentaire.
Théo;Martinez;theo.martinez463@example.edu;Étudiant en robotique collaborative, développe un cobot assistance. Tests sécurité.;Ingénieur robotique, supervise les projets de robotique avancée.
Alice;Dupont;alice.dupont800@example.edu;Étudiante en pharmacie clinique, stage en oncologie. Protocoles personnalisés.;Pharmacienne clinicienne, forme à partir de cas patients complexes.
Antoine;Lefevre;antoine.lefevre237@example.edu;Étudiant en commerce international, développe une marketplace éthique. Business plan.;Consultant international, partage son expertise en développement business.
Manon;Roux;manon.roux574@example.edu;Étudiante en psychologie clinique, stage en service psychiatrique. Thérapies innovantes.;Psychologue clinicienne, supervise les stages en situation thérapeutique.
Paul;Girard;paul.girard911@example.edu;Étudiant en génie biomédical, conçoit des prothèses personnalisées. Impression 3D.;Ingénieur biomédical, encadre des projets de conception médicale.
Julie;Morel;julie.morel348@example.edu;Étudiante en relations publiques, gère la communication d'événements culturels. Presse locale.;Consultante RP, forme aux stratégies de communication institutionnelle.
Lucas;Bernard;lucas.bernard685@example.edu;Étudiant en cybersécurité, analyse les vulnérabilités IoT. Audit sécurité.;Expert cybersécurité, propose des challenges de sécurité réalistes.
Clara;Fournier;clara.fournier122@example.edu;Étudiante en design industriel, crée du mobilier modulaire durable. Prototype fonctionnel.;Designer industrielle, guide les projets de la conception à la production.
Hugo;Lemoine;hugo.lemoine459@example.edu;Étudiant en économie sociale, monte une coopérative étudiante. Business social.;Économiste social, accompagne les projets d'entrepreneuriat solidaire.
Emma;Laurent;emma.laurent796@example.edu;Étudiante en microbiologie, étudie les probiotiques nouvelle génération. Laboratoire P2.;Microbiologiste, combine cours théoriques et manipulation en laboratoire.
Nathan;Rousseau;nathan.rousseau233@example.edu;Étudiant en génie électronique, développe des capteurs connectés. IoT industriel.;Ingénieur électronicien, supervise des projets de systèmes embarqués.
Léa;Martin;lea.martin570@example.edu;Étudiante en art thérapie, stage en pédopsychiatrie. Ateliers créatifs adaptés.;Art thérapeute clinicienne, forme aux approches thérapeutiques créatives.
Thomas;Durand;thomas.durand907@example.edu;Étudiant en virologie, analyse les mutations virales. Séquençage nouvelle génération.;Virologue chercheur, enseigne les techniques d'analyse moléculaire.
Sophie;Leroy;sophie.leroy344@example.edu;Étudiante en marketing digital, lance une campagne influence locale. KPI analytics.;Experte marketing digital, partage les stratégies d'acquisition client.
Lucas;Garcia;lucas.garcia681@example.edu;Étudiant en astronomie, cartographie les exoplanètes potentiellement habitables. Télescope.;Astrophysicien, initie aux techniques d'observation et analyse de données.
Chloé;Robert;chloe.robert118@example.edu;Étudiante en droit des affaires, stage cabinet conseil fusion-acquisition. Due diligence.;Avocate d'affaires, forme aux aspects pratiques des transactions.
Maxime;Petit;maxime.petit455@example.edu;Étudiant en génie mécanique, optimise des systèmes de propulsion hybride. CAO avancée.;Ingénieur mécanicien, encadre des projets de conception innovante.
Marine;Simon;marine.simon792@example.edu;Étudiante en neuropsychologie, recherche sur les troubles apprentissage. Tests cognitifs.;Neuropsychologue, supervise les évaluations cliniques standardisées.
Antoine;Michel;antoine.michel229@example.edu;Étudiant en architecture navale, conçoit un catamaran écologique. Simulation fluide.;Architecte naval, guide les projets de conception marine durable.
Emma;Dubois;emma.dubois566@example.edu;Étudiante en biologie moléculaire, étudie les mécanismes épigénétiques. PCR quantitative.;Biologiste moléculaire, forme aux techniques avancées de laboratoire.
Lucas;Moreau;lucas.moreau903@example.edu;Étudiant en intelligence artificielle, développe des modèles prédictifs santé. Deep learning.;Data scientist santé, enseigne l'application de l'IA au domaine médical.
Sarah;Lefebvre;sarah.lefebvre340@example.edu;Étudiante en design graphique, crée une identité visuelle festival. Direction artistique.;Directrice artistique, encadre les projets de communication visuelle.
Paul;Richard;paul.richard677@example.edu;Étudiant en géopolitique, analyse les enjeux ressources arctiques. Publication revue.;Géopolitologue, partage son expertise des relations internationales.
Julie;Thomas;julie.thomas114@example.edu;Étudiante en pharmacie industrielle, développe une formulation innovante. Tests stabilité.;Pharmacienne galéniste, supervise les travaux pratiques de formulation.
Nathan;Bertrand;nathan.bertrand451@example.edu;Étudiant en informatique quantique, simule des algorithmes cryptographiques. QKD.;Physicien quantique, initie aux concepts avancés de calcul quantique.
Clara;Morel;clara.morel788@example.edu;Étudiante en psychologie sociale, étudie influence réseaux sociaux. Enquête terrain.;Psychologue sociale, dirige des recherches sur les comportements collectifs.
Théo;Lambert;theo.lambert225@example.edu;Étudiant en génie civil, conçoit structures bas carbone. Simulation numérique.;Ingénieur structures, forme aux nouvelles approches construction durable.
Emma;Faure;emma.faure562@example.edu;Étudiante en neurosciences, étudie plasticité cérébrale. IRMf recherche.;Neuroscientifique, combine théorie et manipulation équipements avancés.
Lucas;Mercier;lucas.mercier899@example.edu;Étudiant en commerce digital, développe marketplace circuits courts. Growth hacking.;Expert e-commerce, partage stratégies acquisition et fidélisation client.
Marine;Roussel;marine.roussel236@example.edu;Étudiante en ergonomie cognitive, optimise interfaces professionnelles. Tests usager.;Ergonome UX, guide conception centrée utilisateur et tests d'usage.
Antoine;Blanc;antoine.blanc573@example.edu;Étudiant en génie logiciel, développe plateforme collaborative. Architecture micro-services.;Architecte logiciel, supervise projets développement complexes.
Sarah;Hubert;sarah.hubert910@example.edu;Étudiante en anthropologie urbaine, étudie transformations quartiers populaires. Ethnographie.;Anthropologue urbaine, forme aux méthodes observation participante.
Paul;Leclerc;paul.leclerc347@example.edu;Étudiant en physique des plasmas, travaille sur fusion nucléaire. Tokamak simulation.;Physicien plasma, enseigne concepts avancés physique nucléaire.
Emma;Dupuis;emma.dupuis684@example.edu;Étudiante en art contemporain, crée installations immersives. Réalité augmentée.;Artiste numérique, encourage exploration nouveaux médias artistiques.
Lucas;Carpentier;lucas.carpentier121@example.edu;Étudiant en robotique industrielle, programme cobots collaboratifs. Sécurité homme-machine.;Ingénieur robotique, encadre projets automatisation avancée.
Julie;Marchand;julie.marchand458@example.edu;Étudiante en droit environnemental, analyse contentieux pollution. Stage tribunal.;Juriste environnementale, forme au droit environnemental pratique.
Nathan;Philippe;nathan.philippe795@example.edu;Étudiant en chimie verte, développe catalyseurs bio-sourcés. Scale-up process.;Chimiste procédés, supervise projets chimie durable échelle pilote.
Clara;Gautier;clara.gautier232@example.edu;Étudiante en muséographie numérique, crée parcours virtuels. Réalité virtuelle.;Conservatrice numérique, initie aux nouvelles technologies muséales.
Antoine;Rey;antoine.rey569@example.edu;Étudiant en bioinformatique, analyse données protéomiques. Machine learning.;Bio-informaticien, enseigne analyse données biologiques massives.
Marine;Dumont;marine.dumont906@example.edu;Étudiante en psychologie clinique, stage thérapie comportementale. Supervision cas.;Psychologue clinicienne, supervise stages pratiques thérapeutiques.
Thomas;Lemaire;thomas.lemaire343@example.edu;Étudiant en génie énergétique, optimise réseaux chaleur urbains. Simulation thermique.;Ingénieur énergie, forme aux techniques optimisation énergétique.
Emma;Colin;emma.colin680@example.edu;Étudiante en médiation scientifique, crée contenus vulgarisation. Podcast science.;Médiatrice sciences, guide projets communication scientifique.
Lucas;Girault;lucas.girault117@example.edu;Étudiant en acoustique musicale, modélise salles concert. Simulation acoustique.;Acousticien musical, enseigne acoustique théorique et pratique.
Julie;Vidal;julie.vidal454@example.edu;Étudiante en relations internationales, analyse conflits commerciaux. Stage ONU.;Diplomate carrière, partage expérience négociations internationales.
Paul;Renault;paul.renault791@example.edu;Étudiant en génie biomédical, développe prothèses intelligentes. Tests cliniques.;Ingénieur biomédical, supervise projets dispositifs médicaux.
Sarah;Schmitt;sarah.schmitt228@example.edu;Étudiante en design thinking, anime workshops innovation. Méthodes agiles.;Designer innovation, forme aux méthodologies conception créative.
Antoine;Bertrand;antoine.bertrand565@example.edu;Étudiant en cybersécurité, analyse menaces systèmes industriels. Audit sécurité.;Expert cybersécurité, propose exercices pratiques sécurité réseau.
Clara;Duval;clara.duval902@example.edu;Étudiante en photographie documentaire, suit mutations urbaines. Exposition galerie.;Photographe professionnelle, enseigne technique et regard documentaire.
Lucas;Leroy;lucas.leroy339@example.edu;Étudiant en intelligence artificielle, développe algorithmes diagnostic médical. Deep learning.;Data scientist médical, forme à l'IA appliquée santé.
Emma;Fournier;emma.fournier676@example.edu;Étudiante en ergothérapie, conçoit solutions adaptation domicile. Stage EHPAD.;Ergothérapeute senior, supervise stages pratiques adaptation.
Nathan;Girard;nathan.girard113@example.edu;Étudiant en physique quantique, travaille cryptographie quantique. Laboratoire spécialisé.;Physicien quantique, enseigne concepts avancés information quantique.
Marine;Bonnet;marine.bonnet450@example.edu;Étudiante en écologie comportementale, observe comportements sociaux primates. Terrain.;Primatologue, dirige missions observation terrain régulières.
Thomas;Roux;thomas.roux787@example.edu;Étudiant en génie logiciel, développe framework test automatisé. CI/CD pipeline.;Architecte logiciel, encadre projets développement agile.
Julie;Dubois;julie.dubois224@example.edu;Étudiante en conservation patrimoine, restaure documents anciens. Stage archives.;Conservatrice experte, forme techniques préservation documents.
Paul;Laurent;paul.laurent561@example.edu;Étudiant en robotique médicale, conçoit assistant chirurgical. Tests précision.;Ingénieur robotique, supervise projets robotique médicale avancée.
Clara;Michel;clara.michel898@example.edu;Étudiante en psychologie développement, suit évolution enfants précoces. Tests cognitifs.;Psychologue développement, dirige évaluations développementales standardisées.
Antoine;Petit;antoine.petit235@example.edu;Étudiant en génie maritime, optimise propulsion navires électriques. Simulation fluide.;Ingénieur naval, forme conception systèmes propulsion marine.
Emma;Martin;emma.martin572@example.edu;Étudiante en neurosciences cognitives, étudie attention sélective. EEG recherche.;Neuroscientifique cognitive, combine théorie et manipulation équipement.
Lucas;Durand;lucas.durand909@example.edu;Étudiant en marketing digital, lance campagne influence B2B. Analytics avancés.;Expert marketing digital, enseigne stratégies marketing data-driven.
Sarah;Lefevre;sarah.lefevre346@example.edu;Étudiante en droit international, analyse arbitrages commerciaux. Stage cabinet.;Juriste internationale, forme pratique arbitrage commercial.
Nathan;Thomas;nathan.thomas683@example.edu;Étudiant en génie électrique, développe smart grid campus. IoT énergie.;Ingénieur électricien, supervise projets réseaux électriques intelligents.
Marine;Robert;marine.robert120@example.edu;Étudiante en design produit, crée mobilier modulaire durable. Prototypage rapide.;Designer industrielle, guide projets conception produits innovants.
Paul;Moreau;paul.moreau457@example.edu;Étudiant en informatique quantique, simule circuits quantiques. Qiskit developer.;Physicien quantique, initie programmation ordinateurs quantiques.
Clara;Richard;clara.richard794@example.edu;Étudiante en anthropologie médicale, étudie pratiques soins traditionnels. Terrain.;Anthropologue santé, forme méthodes enquête ethnographique santé.
Antoine;Simon;antoine.simon231@example.edu;Étudiant en génie procédés, optimise bioréacteur industriel. Scale-up process.;Ingénieur procédés, encadre projets optimisation production.
Emma;Garcia;emma.garcia568@example.edu;Étudiante en arts numériques, crée installations interactives. Motion capture.;Artiste numérique, encourage exploration technologies créatives.
Lucas;Faure;lucas.faure905@example.edu;Étudiant en mécanique fluides, simule écoulements turbulents. CFD avancée.;Ingénieur mécanique fluides, forme simulation numérique écoulements.
Julie;Rousseau;julie.rousseau342@example.edu;Étudiante en psychomotricité, développe protocoles rééducation. Stage cabinet.;Psychomotricienne expérimentée, supervise stages pratiques rééducation.
Nathan;Lambert;nathan.lambert679@example.edu;Étudiant en intelligence artificielle, développe assistants conversationnels. NLP.;Data scientist NLP, enseigne traitement langage naturel avancé.
Sarah;Bertrand;sarah.bertrand116@example.edu;Étudiante en conservation biodiversité, suit populations menacées. Terrain protégé.;Écologue conservation, dirige projets suivi espèces terrain.
Paul;Morel;paul.morel453@example.edu;Étudiant en génie logiciel, développe plateforme cloud native. Kubernetes.;Architecte cloud, supervise projets infrastructure cloud moderne.
Clara;Leroy;clara.leroy790@example.edu;Étudiante en neurosciences, étudie circuits récompense. Optogénétique recherche.;Neuroscientifique, combine théorie et pratique.
Eva;Barbeau;eva.barbeau001@example.edu;Étudiante en géographie sociale, travaille sur les mobilités douces en milieu urbain. Projet avec la métropole locale.;Géographe engagée, accompagne les travaux de terrain dans une perspective durable.
Noé;Bazin;noe.bazin002@example.edu;Étudiant en informatique, développe un outil de gestion de présence pour les associations étudiantes. Disponible en open source.;Développeur full-stack, met ses étudiants dans des projets utiles à leur quotidien.
Mila;Marion;mila.marion003@example.edu;Étudiante en ethnologie, observe les rituels de transmission dans les familles maghrébines en France.;Ethnologue spécialiste, valorise les parcours de terrain et les récits.
Youssef;Klein;youssef.klein004@example.edu;Étudiant en architecture, réalise des maquettes de bâtiments passifs pour climat méditerranéen.;Architecte bioclimatique, propose des études de cas concrets avec partenaires terrain.
Alicia;Barraud;alicia.barraud005@example.edu;Étudiante en lettres modernes, travaille sur l'évolution du registre comique à travers les siècles.;Professeure de littérature comparée, mêle analyse textuelle et réflexion thématique.
Naël;Rohmer;nael.rohmer006@example.edu;Étudiant en astrophysique, cherche à modéliser des systèmes planétaires exotiques. Données issues d'observatoires européens.;Astrophysicien, mêle calculs théoriques et données expérimentales dans sa pédagogie.
Gaëlle;Tardy;gaelle.tardy007@example.edu;Étudiante en gestion des ressources humaines, conçoit une stratégie d’onboarding pour PME tech.;Consultante RH, favorise les ateliers collaboratifs dans ses cours.
Mehdi;Lenoir;mehdi.lenoir008@example.edu;Étudiant en sociologie politique, analyse les nouveaux modes d'engagement citoyen à l’ère numérique.;Sociologue, propose des explorations de terrain en lien avec des ONG.
Salomé;Fréchet;salome.frechet009@example.edu;Étudiante en audiovisuel, réalise un court-métrage interactif avec des choix narratifs multiples.;Réalisatrice et scénariste, encadre les projets avec expertise technique pointue.
Ilan;Lejeune;ilan.lejeune010@example.edu;Étudiant en marketing territorial, développe un plan de valorisation touristique pour une petite commune.;Expert en attractivité locale, donne des simulations avec élus.
Lina;Desrosiers;lina.desrosiers011@example.edu;Étudiante en psychologie de l’enfant, construit une grille d’observation pour troubles du langage.;Psychologue clinicienne, oriente ses étudiants vers les protocoles validés.
Nolan;Vasseur;nolan.vasseur012@example.edu;Étudiant en mathématiques appliquées, modélise des files d’attente dans les services d’urgence.;Chercheur en probabilité, outille ses étudiants via Python et R.
Elina;Colas;elina.colas013@example.edu;Étudiante en design de service, revoit l’accueil en hôpital de jour pour adolescents.;Designer UX spécialisé santé, encadre les projets avec immersion réelle.
Matéo;Charrier;mateo.charrier014@example.edu;Étudiant en intelligence économique, élabore une veille sectorielle automatisée sur l'énergie verte.;Analyste expert, met ses étudiants dans la posture d'un consultant junior.
Aude;Rodriguez;aude.rodriguez015@example.edu;Étudiante en photographie sociale, réalise une série de portraits de travailleurs invisibles.;Photojournaliste, enseigne le respect de l'éthique de terrain.
Lenny;Bernier;lenny.bernier016@example.edu;Étudiant en data science, prédit les flux de transport urbain à partir d’open data. Modèle en cours.;Spécialiste analyse de données, fait travailler ses étudiants sur des bases publiques.
Elsa;Renier;elsa.renier017@example.edu;Étudiante en lettres classiques, retraduit un poème latin dans une forme contemporaine slamée.;Philologue passionnée, relie l’Antiquité à l’époque moderne pour motiver.
Yanis;Giraud;yanis.giraud018@example.edu;Étudiant en système embarqué, développe une interface montre-capteur pour personnes âgées.;Ingénieur embarqué, veille toujours à l'utilité sociale des projets étudiants.
Céleste;Brunel;celeste.brunel019@example.edu;Étudiante en histoire économique, étude sur la monnaie coloniale dans l’empire français.;Historienne économique, emploie les archives comme source de compréhension critique.
Matthias;Naville;matthias.naville020@example.edu;Étudiant en physique, validation d’un modèle canonique d’oscillateur couplé. Simulation numérique.;Physicien modélisateur, confronte les étudiants à des expériences numériques rigoureuses.
Zoé;Chevrier;zoe.chevrier021@example.edu;Étudiante en design, création d’un mobilier urbain inclusif pour personne à mobilité réduite.;Designer en collectivité territoriale, favorise les projets concertés avec les habitants.
Zoé;Chevrier;zoe.chevrier021@example.edu;Étudiante en design, création mobilier urbain inclusif PMR. Prototype en test.;Designer territorial, favorise projets concertés avec habitants.
Adam;Thibault;adam.thibault022@example.edu;Étudiant en génie climatique, optimisation thermique bâtiments anciens. Stage bureau études.;Ingénieur thermicien, forme aux nouvelles normes énergétiques.
Léa;Bernard;lea.bernard023@example.edu;Étudiante en biologie marine, étude impact microplastiques sur coraux. Plongées hebdomadaires.;Biologiste marine, dirige missions terrain en milieu naturel.
Hugo;Marchand;hugo.marchand024@example.edu;Étudiant en cybersécurité, audit système information hospitalier. Tests intrusion.;Expert cybersécurité, enseigne protection données sensibles.
Emma;Roussel;emma.roussel025@example.edu;Étudiante en psychologie clinique, accompagnement adolescents anxieux. Stage CMP.;Psychologue clinicienne, supervise stages pratiques thérapeutiques.
Lucas;Dupont;lucas.dupont026@example.edu;Étudiant en intelligence artificielle, développement assistant médical IA. Deep learning.;Data scientist santé, forme aux applications médicales IA.
Chloé;Martin;chloe.martin027@example.edu;Étudiante en droit environnemental, analyse contentieux pollution industrielle. Stage cabinet.;Juriste environnementale, utilise cas réels contentieux.
Nathan;Leroy;nathan.leroy028@example.edu;Étudiant en robotique, conception bras robotique agriculture précision. Tests terrain.;Ingénieur robotique, encadre projets automatisation avancée.
Sarah;Moreau;sarah.moreau029@example.edu;Étudiante en communication digitale, stratégie réseaux sociaux ONG. Campagne virale.;Experte communication, enseigne stratégies engagement digital.
Thomas;Petit;thomas.petit030@example.edu;Étudiant en architecture navale, design catamaran écologique. Simulation hydrodynamique.;Architecte naval, supervise projets conception innovante.
Julie;Dubois;julie.dubois031@example.edu;Étudiante en neurosciences, étude sommeil paradoxal EEG. Protocole recherche.;Neuroscientifique, combine théorie et manipulation équipements.
Antoine;Roux;antoine.roux032@example.edu;Étudiant en commerce international, développement marketplace équitable. Business model.;Consultant international, partage expertise développement business.
Marine;Fontaine;marine.fontaine033@example.edu;Étudiante en design produit, création mobilier modulable. Prototype impression 3D.;Designer industrielle, guide projets conception durable.
Alexandre;Simon;alexandre.simon034@example.edu;Étudiant en génie logiciel, plateforme collaborative open source. Architecture microservices.;Architecte logiciel, encadre développement solutions complexes.
Laura;Gauthier;laura.gauthier035@example.edu;Étudiante en pharmacie, recherche formulation médicament biosourcé. Tests stabilité.;Pharmacienne galéniste, supervise développement formulations.
Nicolas;Blanc;nicolas.blanc036@example.edu;Étudiant en physique quantique, cryptographie quantique expérimentale. Labo spécialisé.;Physicien quantique, enseigne concepts avancés computation.
Eva;Girard;eva.girard037@example.edu;Étudiante en économie sociale, création coopérative alimentaire étudiante. Business plan.;Économiste sociale, accompagne projets entrepreneuriat solidaire.
Maxime;Lambert;maxime.lambert038@example.edu;Étudiant en génie civil, conception pont piétonnier bas carbone. Calculs structure.;Ingénieur structures, forme aux nouvelles approches construction.
Camille;Boucher;camille.boucher039@example.edu;Étudiante en psychologie sociale, impact réseaux sociaux sur estime soi. Enquête terrain.;Psychologue sociale, dirige recherches comportements collectifs.
Paul;Mercier;paul.mercier040@example.edu;Étudiant en acoustique, optimisation acoustique salle concert. Simulation numérique.;Acousticien, enseigne physique ondes et perception sonore.
Alice;Fournier;alice.fournier041@example.edu;Étudiante en médiation culturelle, programme accessibilité musée. Public handicap.;Médiatrice culturelle, développe approches inclusives institutions.
Victor;Rey;victor.rey042@example.edu;Étudiant en biotechnologie, culture tissulaire thérapeutique. Protocole stérile.;Chercheur biotechnologie, encadre manipulations laboratoire avancées.
Inès;Morel;ines.morel043@example.edu;Étudiante en design graphique, identité visuelle festival écologique. Direction artistique.;Designer graphique, guide projets communication visuelle.
Gabriel;Perrin;gabriel.perrin044@example.edu;Étudiant en informatique embarquée, système surveillance environnemental. IoT.;Ingénieur systèmes, supervise projets électronique avancée.
Manon;Lemaire;manon.lemaire045@example.edu;Étudiante en anthropologie, étude pratiques alimentaires urbaines. Enquête ethnographique.;Anthropologue, forme méthodes observation participante.
Louis;Faure;louis.faure046@example.edu;Étudiant en chimie verte, synthèse catalyseurs recyclables. Scale-up laboratoire.;Chimiste procédés, enseigne chimie durable industrielle.
Léna;Colin;lena.colin047@example.edu;Étudiante en arts numériques, installation interactive réalité augmentée. Exposition.;Artiste numérique, encourage exploration nouvelles technologies.
Théo;Vidal;theo.vidal048@example.edu;Étudiant en génie énergétique, optimisation réseau chaleur urbain. Simulation thermique.;Ingénieur énergie, forme techniques efficacité énergétique.
Clara;Rousseau;clara.rousseau049@example.edu;Étudiante en marketing digital, stratégie acquisition clients B2B. Analytics avancés.;Experte marketing digital, enseigne stratégies data-driven.
Enzo;Guerin;enzo.guerin050@example.edu;Étudiant en mécanique fluides, simulation écoulements turbulents. CFD avancée.;Ingénieur mécanique, forme simulation numérique écoulements.
Juliette;Masson;juliette.masson051@example.edu;Étudiante en droit international, analyse arbitrages commerciaux. Stage cabinet.;Juriste internationale, forme pratique arbitrage commercial.
Arthur;Dumont;arthur.dumont052@example.edu;Étudiant en intelligence artificielle, algorithmes diagnostic médical. Machine learning.;Data scientist médical, enseigne IA appliquée santé.
Léa;Girault;lea.girault053@example.edu;Étudiante en conservation patrimoine, restauration documents anciens. Stage archives.;Conservatrice experte, forme techniques préservation documents.
Mathis;Laurent;mathis.laurent054@example.edu;Étudiant en robotique médicale, assistant chirurgical automatisé. Tests précision.;Ingénieur robotique, supervise projets robotique médicale.
Emma;Barbier;emma.barbier055@example.edu;Étudiante en psychologie développement, suivi enfants précoces. Tests cognitifs.;Psychologue développement, dirige évaluations standardisées.
Lucas;Hubert;lucas.hubert056@example.edu;Étudiant en génie maritime, propulsion navires électriques. Simulation fluide.;Ingénieur naval, forme conception systèmes propulsion.
Sarah;Michel;sarah.michel057@example.edu;Étudiante en neurosciences cognitives, étude attention sélective. EEG recherche.;Neuroscientifique cognitive, combine théorie et manipulation.
Nathan;Bertrand;nathan.bertrand058@example.edu;Étudiant en marketing influence, campagne awareness B2B. Analytics avancés.;Expert marketing digital, enseigne stratégies influence.
Jade;Lefevre;jade.lefevre059@example.edu;Étudiante en droit fiscal, optimisation taxation entreprises vertes. Stage cabinet.;Fiscaliste, forme pratique optimisation fiscale légale.
Adam;Thomas;adam.thomas060@example.edu;Étudiant en génie électrique, développement smart grid local. IoT énergie.;Ingénieur électricien, supervise projets réseaux intelligents.
Louise;Robert;louise.robert061@example.edu;Étudiante en design produit, mobilier urbain connecté. Prototypage rapide.;Designer industrielle, guide projets conception innovante.
Jules;Moreau;jules.moreau062@example.edu;Étudiant en informatique quantique, simulation circuits quantiques. Qiskit.;Physicien quantique, initie programmation quantique.
Eva;Richard;eva.richard063@example.edu;Étudiante en anthropologie médicale, pratiques soins traditionnels. Terrain.;Anthropologue santé, forme méthodes enquête ethnographique.
Louis;Simon;louis.simon064@example.edu;Étudiant en génie procédés, optimisation bioréacteur industriel. Scale-up.;Ingénieur procédés, encadre projets optimisation production.
Alice;Garcia;alice.garcia065@example.edu;Étudiante en arts numériques, installations interactives immersives. VR.;Artiste numérique, encourage exploration technologies créatives.
Gabriel;Faure;gabriel.faure066@example.edu;Étudiant en mécanique fluides, simulation écoulements complexes. CFD.;Ingénieur mécanique fluides, forme simulation numérique.
Emma;Rousseau;emma.rousseau067@example.edu;Étudiante en psychomotricité, protocoles rééducation innovants. Stage.;Psychomotricienne expérimentée, supervise stages pratiques.
Thomas;Lambert;thomas.lambert068@example.edu;Étudiant en intelligence artificielle, chatbots spécialisés santé. NLP.;Data scientist NLP, enseigne traitement langage naturel.
Chloé;Bertrand;chloe.bertrand069@example.edu;Étudiante en conservation biodiversité, suivi espèces menacées. Terrain.;Écologue conservation, dirige projets suivi populations.
Lucas;Morel;lucas.morel070@example.edu;Étudiant en génie logiciel, plateforme cloud native services. Kubernetes.;Architecte cloud, supervise projets infrastructure moderne.
Nina;Leroy;nina.leroy071@example.edu;Étudiante en neurosciences, circuits récompense addiction. Optogénétique.;Neuroscientifique, combine théorie et expérimentation avancée.
Antoine;Girard;antoine.girard072@example.edu;Étudiant en économie comportementale, nudge écologique campus. Tests.;Économiste comportemental, dirige expériences terrain.
Marine;Dubois;marine.dubois073@example.edu;Étudiante en design interaction, interfaces adaptatives seniors. Tests.;Designer UX, supervise conception centrée utilisateur.
Alexandre;Roux;alexandre.roux074@example.edu;Étudiant en cybersécurité, audit sécurité IoT médical. Pentesting.;Expert cybersécurité, forme évaluation risques systèmes.
Julie;Martin;julie.martin075@example.edu;Étudiante en pharmacie clinique, suivi thérapeutique personnalisé. Stage.;Pharmacienne clinicienne, encadre stages hospitaliers.
Paul;Petit;paul.petit076@example.edu;Étudiant en robotique collaborative, cobot assemblage adaptatif. Tests.;Ingénieur robotique, supervise projets cobotique avancée.
Emma;Bernard;emma.bernard077@example.edu;Étudiante en psychologie cognitive, impact écrans apprentissage. EEG.;Psychologue cognitive, dirige recherches expérimentales.
Lucas;Durand;lucas.durand078@example.edu;Étudiant en architecture durable, habitat passif modulaire. Simulation.;Architecte bioclimatique, forme conception écologique.
Sarah;Moreau;sarah.moreau079@example.edu;Étudiante en biologie synthétique, modification enzymatique ciblée. Labo.;Biologiste moléculaire, encadre manipulations génétiques.
Nathan;Lefevre;nathan.lefevre080@example.edu;Étudiant en intelligence artificielle, détection fraude bancaire. ML.;Data scientist finance, enseigne apprentissage automatique.
Clara;Thomas;clara.thomas081@example.edu;Étudiante en ergonomie cognitive, interfaces critiques aviation. Tests.;Ergonome systèmes, supervise évaluation interfaces complexes.
Hugo;Robert;hugo.robert082@example.edu;Étudiant en physique matériaux, semi-conducteurs organiques. Mesures.;Physicien matériaux, dirige travaux laboratoire avancés.
Léa;Michel;lea.michel083@example.edu;Étudiante en marketing digital, stratégie acquisition mobile. Analytics.;Experte marketing digital, forme stratégies acquisition.
Théo;Simon;theo.simon084@example.edu;Étudiant en génie électrique, microgrids autonomes. Simulation.;Ingénieur électricien, encadre projets réseaux smart.
Emma;Blanc;emma.blanc085@example.edu;Étudiante en neurosciences, plasticité synaptique apprentissage. Patch.;Neuroscientifique, combine électrophysiologie et comportement.
Lucas;Laurent;lucas.laurent086@example.edu;Étudiant en informatique quantique, algorithmes optimisation. QPU.;Physicien quantique, enseigne programmation quantique.
Julie;Girard;julie.girard087@example.edu;Étudiante en design service, parcours patient personnalisé. Tests.;Designer service santé, supervise projets amélioration.
Antoine;Rousseau;antoine.rousseau088@example.edu;Étudiant en mécatronique, drone inspection autonome. Prototypage.;Ingénieur mécatronique, forme conception systèmes.
Marine;Bertrand;marine.bertrand089@example.edu;Étudiante en écologie urbaine, cartographie biodiversité ville. SIG.;Écologue urbaine, dirige projets terrain participatifs.
Thomas;Morel;thomas.morel090@example.edu;Étudiant en génie logiciel, framework test performance. DevOps.;Architecte logiciel, supervise qualité code production.
Clara;Leroy;clara.leroy091@example.edu;Étudiante en pharmacologie, criblage molécules naturelles. Tests.;Pharmacologue, encadre recherche drug discovery.
Paul;Dubois;paul.dubois092@example.edu;Étudiant en robotique médicale, assistance chirurgie précision. Lab.;Ingénieur biomédical, forme technologies chirurgicales.
Emma;Martin;emma.martin093@example.edu;Étudiante en psychologie sociale, influence groupes décision. Tests.;Psychologue sociale, dirige expériences comportementales.
Lucas;Petit;lucas.petit094@example.edu;Étudiant en intelligence artificielle, prédiction maintenance. IoT.;Data scientist industriel, enseigne IA prédictive.
Sarah;Bernard;sarah.bernard095@example.edu;Étudiante en droit numérique, protection données santé. Stage.;Juriste numérique, forme réglementation données sensibles.
Nathan;Roux;nathan.roux096@example.edu;Étudiant en génie climatique, optimisation HVAC smart. Simulation.;Ingénieur thermicien, supervise projets efficacité.
Julie;Girault;julie.girault097@example.edu;Étudiante en design interaction, interfaces tangibles enfants. Test.;Designer interaction, guide conception interfaces innovantes.
Antoine;Faure;antoine.faure098@example.edu;Étudiant en cybersécurité, protection infrastructures critiques. Audit.;Expert cybersécurité, forme sécurisation systèmes sensibles.
Marine;Richard;marine.richard099@example.edu;Étudiante en neurosciences, cartographie réseaux mémoire. IRMf.;Neuroscientifique, combine imagerie et comportement.
Thomas;Simon;thomas.simon100@example.edu;Étudiant en génie logiciel, plateforme apprentissage adaptative. ML.;Architecte logiciel, encadre développement éducatif.
Alice;Gonzalez;alice.gonzalez101@example.edu;Étudiante en immunologie, travaille sur les vaccins à ARN pour les maladies rares. Analyse comparative en laboratoire.;Chercheuse en immunologie, encadre les projets cliniques et analyses biologiques.
Gabriel;Lemoine;gabriel.lemoine102@example.edu;Étudiant en dynamique non linéaire, simule des systèmes chaotiques pour les systèmes mécaniques instables.;Professeur de physique spécialisée, maîtrise les modélisations expérimentales complexes.
Léna;Fernandez;lena.fernandez103@example.edu;Étudiante en médiation animale, suit des séances thérapeutiques avec des enfants autistes. Projet en IME.;Zoothérapeute expérimentée, encadre les interactions et protocoles cliniques avec rigueur.
Noé;Delmas;noe.delmas104@example.edu;Étudiant en statistiques avancées, réalise un modèle prédictif pour les ventes en ligne. Stage e-commerce.;Statisticien et analyste, enseigne par l'utilisation de jeux de données réelles.
Nina;Benoît;nina.benoit105@example.edu;Étudiante en production musicale, compose une bande-son originale pour un jeu mobile interactif.;Ingénieure du son, enseigne production numérique, mixage et post-production.
Louis;Chauvin;louis.chauvin106@example.edu;Étudiant en analyse financière, crée des portefeuilles d’investissement ESG. Analyse comparative sur 3 ans.;Expert financier durable, met l’accent sur les marchés éthiques et les outils Excel.
Élise;Hardy;elise.hardy107@example.edu;Étudiante en sinologie, traduit un recueil d’essais chinois classiques pour un lectorat francophone.;Chercheuse en langues orientales, ajuste les traductions selon le contexte culturel.
Nolan;Delcourt;nolan.delcourt108@example.edu;Étudiant en réseaux et télécommunications, conçoit une architecture sécurisée de réseau Wi-Fi campus.;Technicien réseau, responsable de l’infrastructure informatique de plusieurs établissements.
Sandra;Lemoine;sandra.lemoine109@example.edu;Étudiante en socio-économie, étudie les réseaux d'entraide informels dans les quartiers défavorisés.;Socio-économiste spécialisée, anime des ateliers méthodologiques sur les données mixtes.
Mathéo;Lebrun;matheo.lebrun110@example.edu;Étudiant en astrophysique théorique, modélise la formation des étoiles doubles.;Docteur en astronomie, organise des ateliers d'expérimentation mathématique avec Python.
Énora;Lejeune;enora.lejeune111@example.edu;Étudiante en neuroéducation, recherche sur l’attention sélective chez l’enfant. Observations en écoles primaires.;Spécialiste en sciences cognitives de l’apprentissage, adapte ses cours au public étudiant.
Axel;Chartier;axel.chartier112@example.edu;Étudiant en développement durable, réalise un audit de l’empreinte carbone d’un campus universitaire.;Consultant environnemental, forme aux démarches d’évaluation environnementale en entreprise.
Anaïs;Boucher;anais.boucher113@example.edu;Étudiante en journalisme scientifique, conçoit une série de vidéos explicatives sur la physique quantique.;Journaliste spécialisée, accompagne les productions multimédia théoriques et pratiques.
Lilian;Delannoy;lilian.delannoy114@example.edu;Étudiant en micro-informatique, monte un module Raspberry Pi domotique multi-capteurs pour un foyer connecté.;Formateur maker, valorise la conception DIY en lien avec les usages réels.
Margaux;Couturier;margaux.couturier115@example.edu;Étudiante en dramaturgie contemporaine, écrit une pièce inspirée de pièces immersives belges.;Metteure en scène, offre une approche engagée et critique du théâtre contemporain.
Flavio;Descamps;flavio.descamps116@example.edu;Étudiant en électronique de puissance, conçoit un convertisseur DC-AC intelligent pour énergies renouvelables.;Docteur en génie électrique, anime les projets à finalités industrielles.
Océane;Page;oceane.page117@example.edu;Étudiante en ethnomusicologie, enregistre et analyse les musiques traditionnelles kabyles en contexte urbain.;Anthropologue sonore, emmène ses étudiants en enquêtes audio de terrain.
Sami;Roger;sami.roger118@example.edu;Étudiant en informatique de gestion, développe une application de facturation SaaS pour TPE.;Consultant systèmes d’information, guide les étudiants vers des solutions viables commercialement.
Clarisse;Benard;clarisse.benard119@example.edu;Étudiante en sociolinguistique, observe l’évolution du parler jeune dans les espaces virtuels de gaming.;Linguistique appliquée, lie la pédagogie à l’analyse de corpus numériques vivants.
Maël;Letellier;mael.letellier120@example.edu;Étudiant en VR/AR, développe un prototype de reconstitution historique en réalité augmentée. Usage pédagogique.;Développeur immersif, accompagne les étudiants dans les technologies émergentes XR.
Leïla;Desmet;leila.desmet121@example.edu;Étudiante en économie circulaire, monte une étude comparative des chaînes logistiques locales et résiduelles.;Spécialiste en supply chain verte, anime une approche outillée et terrain.
Loïc;Duprey;loic.duprey122@example.edu;Étudiant en programmation système, code un OS minimal pour système embarqué éducatif bas niveau.;Spécialiste Linux et firmware, initie à l’ingénierie logicielle à bas niveau.
Maya;Torres;maya.torres123@example.edu;Étudiante en économie de la transition, évalue l’impact d’un revenu universel écologique.@Stage Think Tank.;Macroéconomiste, transmet par modélisations et débats critiques.
Ilyès;Renard;ilyes.renard124@example.edu;Étudiant en biogénétique, recherche sur les facteurs génétiques du vieillissement accéléré. Simulation in vitro.;Docteur en génétique, dirige un groupe de recherche étudiant encadré.
Valentine;Rolland;valentine.rolland125@example.edu;Étudiante en arts textiles, revalorise des déchets plastiques urbains en œuvres à tisser. Expo prévue campus.;Designer écoresponsable, anime des ateliers de récupération créative.
Yanis;Gomez;yanis.gomez126@example.edu;Étudiant en justice restaurative, participe à des cercles de parole en centre carcéral. Rapport final en cours.;Juriste praticien, transmet expérience en médiation pénale réelle.
Ève;Jacquet;eve.jacquet127@example.edu;Étudiante en linguistique, cartographie les langues régionales en disparition dans les collèges en France.;Linguisticienne de terrain, encourage la transmission et la documentation vivante.
Mathis;Potier;mathis.potier128@example.edu;Étudiant en technologies éducatives, teste des scénarios gamifiés pour élèves dyslexiques dans Moodle.;Didacticien du numérique, outille pédagogiquement tous les volets TICE.
Manon;Gilbert;manon.gilbert129@example.edu;Étudiante en productions végétales, teste de nouvelles variétés de légumineuses sous climat changeant.;Agronome, met en lien expérimentations terrain et validation scientifique.
Timéo;Payen;timeo.payen130@example.edu;Étudiant en mathématiques fondamentales, travaille sur les conjectures bornées en arithmétique modulaire.;Théoricien des nombres, anime des travaux dirigés de haut niveau.
Jasmine;Paris;jasmine.paris131@example.edu;Étudiante en cinéma social, écrit un scénario inspiré de la vie d’agents d’entretien en régie.;Réalisatrice engagée, co-construit les histoires avec les sujets eux-mêmes.
Matys;Normand;matys.normand132@example.edu;Étudiant en IA embarquée, programme un agent de suivi environnemental autonome pour drones.;Ingénieur IA, forme à l'interaction entre hardware et software intelligent.
Noémie;Francois;noemie.francois133@example.edu;Étudiante en critique d’art, réalise un essai sur les nouvelles pratiques immersives en centre d’art contemporain.;Historienne de l’art, développe des grilles de lecture actuelles et sensibles.
Ibrahim;Blondel;ibrahim.blondel134@example.edu;Étudiant en finances publiques, analyse l’impact des réformes fiscales locales sur la solidarité intercommunale.;Expert fiscal, enseigne en lien avec les réformes de décentralisation.
Coline;Dupuis;coline.dupuis135@example.edu;Étudiante en littérature jeunesse, écrit une série de contes modernes inclusifs pour écoliers.;Auteure et éditrice, anime des lectures partagées et ateliers de réécriture avec enfants.
Noham;Maury;noham.maury136@example.edu;Étudiant en mesures physiques, conçoit un capteur multi-usages pour ruissellement urbain. Tests sur voirie.;Physicien praticien, valorise les liens entre capteurs et aménagement.
Énora;Lucas;enora.lucas137@example.edu;Étudiante en ingénierie textile, développe un tissu hydrophobe biodégradable. Brevet en cours.;Ingénieure matériaux, favorise l'innovation dans la filière textile éco-responsable.
Isaac;Bouchet;isaac.bouchet138@example.edu;Étudiant en électronique analogique, améliore la qualité d’émission FM d’une webradio associative.;Technicien passionné, supervise la restauration de circuits anciens avec passion.
Alyssa;Poulain;alyssa.poulain139@example.edu;Étudiante en éducation inclusive, élabore une séquence adaptée pour jeunes allophones.;Formatrice UPE2A, accompagne l'individualisation des apprentissages.
Aaron;Vaillant;aaron.vaillant140@example.edu;Étudiant en droit constitutionnel, examine les limites légales de l’état d’urgence sanitaire. Dossier de recherche.;Constitutionnaliste, propose des dilemmes juridiques ancrés dans l’actualité.
Shana;Aubert;shana.aubert141@example.edu;Étudiante en ingénierie agroalimentaire, élabore une recette de pâte enrichie en légumineuses. Valorisation nutritionnelle.;Docteure en transformation agro, propose de travailler avec des producteurs partenaires.
Rayane;Lamy;rayane.lamy142@example.edu;Étudiant en systèmes d’aide à la décision, crée un tableau de bord pilotant des données d’un tiers-lieu.;Analyste décisionnel, enseigne Power BI, tableaux croisés et storytelling.
Éléa;Carre;elea.carre143@example.edu;Étudiante en archéologie funéraire, étude d’un réseau de sépultures médiévales. Publication universitaire.;Archéologue de terrain passionnée, valorise l'inventaire patrimonial dans l'expérimentation réelle.
Soren;Roy;soren.roy144@example.edu;Étudiant en géomatique, produit des cartes de mobilité et flux cyclistes temps réel. Usage vélo-campus.;Cartographe SIG, enseigne conception dynamique avec QGIS et Python.
Andréa;Millet;andrea.millet145@example.edu;Étudiante en mode éthique, développe une mini-collection à base de matériaux bio-sourcés locaux.;Créatrice textile, pousse ses étudiantes à concilier style et sobriété.
Zakaria;Loison;zakaria.loison146@example.edu;Étudiant en agriculture régénérative, teste les couverts végétaux pour sols dégradés. Parcelle expérimentale.;Agronome praticien, alterne terrain et mise en données long terme.
Clémentine;Mélin;clementine.melin147@example.edu;Étudiante en archives numériques, conception catalogue d’une photothèque LGBTQ+. Collaboration associative.;Archiviste du contemporain, enseigne la structuration de collections numériques sensibles.
Éliott;Georges;eliott.georges148@example.edu;Étudiant en écologie aquatique, suivi de population de truites. Rivières classées Natura 2000.;Écologue spécialiste milieux humides, anime des méthodes de relevés naturalistes.
Myriam;Vellet;myriam.vellet149@example.edu;Étudiante en info-documentation, édite une base documentaire sur les pédagogies alternatives. Travail collaboratif.;Documentaliste pédagogique, outille ses groupes en méthodologie avancée.